货号,产品名称,产品描述
PHR3689,"4′-[(1,7′-Dimethyl-2′-propyl[2,5′-bi-1","certified reference material, pharmaceutical secondary standard"
PHR3699,毛蕊花苷,"certified reference material, pharmaceutical secondary standard"
PHR3970,Clonazepam Related Compound A,"certified reference material, pharmaceutical secondary standard"
PHR3650,胞苷 5′-一磷酸,"certified reference material, pharmaceutical secondary standard"
PHR2272,4-Dehydroxy-4-chloro Penciclovir,certified reference material
PHR3891,"(9β,11β,16α)-21-Chloro-9,11-epoxy-17-[(2-furanylcarbonyl)oxy]-16-methylpregna-1,4-diene-3,20-dione",certified reference material
PHR3894,Mometasone Furoate Impurity K,certified reference material
NIST640G,Line Position And Line Shape Standard for Powder Diffraction,(Silicon powder) NIST
PHR3893,Mometasone Furoate Impurity F,"certified reference material, pharmaceutical secondary standard"
PHR3663,Etodolac Related Compound A,"certified reference material, pharmaceutical secondary standard"
NIST1568C,Rice flour,NIST
94743,2,"certified reference material, "
Y0001842,地塞米松 21-乙酸酯,European Pharmacopoeia (EP) Reference Standard
Y0002398,Cabazitaxel acetone CRS,European Pharmacopoeia (EP) Reference Standard
Y0002392,甲氧苄啶,European Pharmacopoeia (EP) Reference Standard
Y0002353,（±）-咪康唑 硝酸盐,European Pharmacopoeia (EP) Reference Standard
Y0002402,右美沙芬 氢溴酸盐 一水合物,European Pharmacopoeia (EP) Reference Standard
Y0002197,Deferasirox for system suitability CRS,European Pharmacopoeia (EP) Reference Standard
Y0002354,依维莫司,European Pharmacopoeia (EP) Reference Standard
Y0002182,三氟胸苷,European Pharmacopoeia (EP) Reference Standard
Y0002199,阿坎酸钙,European Pharmacopoeia (EP) Reference Standard
CRM47885,Supelco 37种脂肪酸甲酯混标 CRM,"certified reference material, "
1.09439,即用型pH标准液,"(di-sodium hydrogen phosphate/potassium dihydrogen phosphate), traceable to SRM from NIST and PTB pH 7.00 (20°C) Certipur"
1.88052,Water Standard,"1%, Certified Reference Material for volumetric Karl Fischer Titration 1 g ≙ 10 mg H₂O Aquastar"
1.09435,即用型pH标准液,"(citric acid/sodium hydroxide/hydrogen chloride), traceable to SRM from NIST and PTB pH 4.00 (20°C) Certipur"
1.09438,即用型pH标准液,"(boric acid/potassium chloride/sodium hydroxide), traceable to SRM from NIST and PTB pH 10.00 (20°C) Certipur"
1.09475,缓冲溶液,(citric acid/sodium hydroxide/hydrogen chloride) colour: red traceable to SRM from NIST and PTB pH 4.00 (20 °C) Certipur
1.09477,缓冲溶液,"(di-sodium hydrogen phosphate/potassium dihydrogen phosphate), colour: green traceable to SRM from NIST and PTB pH 7.00 (20°C) Certipur"
1.09461,即用型pH标准液,"(boric acid/potassium chloride/sodium hydroxide), traceable to SRM from NIST and PTB pH 9.00 (20°C) Certipur"
1.88051,Water Standard,"0.1%, Certified Reference Material for coulometric Karl Fischer Titration 1 g ≙ 1 mg H₂O Aquastar"
17810,甘油三酯混标CRM,"C2 - C10, ampule of 100 mg (Neat)"
1044651,阿托伐醌,United States Pharmacopeia (USP) Reference Standard
1.88054,Water Standard,"1%, Certified Reference Material for KF oven method Aquastar"
1.09433,即用型pH标准液,"(citric acid/sodium hydroxide/hydrogen chloride), traceable to SRM from NIST and PTB pH 2.00 (20°C) Certipur"
18919-1AMP,"脂肪酸甲酯混标 CRM, 37 种 C4-C24 不饱和组分","certified reference material,  wt. % (varied)"
1.09407,缓冲溶液,(potassium dihydrogen phosphate/disodium hydrogen phosphate)traceable to SRM from NIST and PTB pH 7.00 (25°C) Certipur
CRM44609,环氧乙烷 溶液,"certified reference material, 500 μg/mL in DMSO, ampule of 1 mL"
1.02400,邻苯二甲酸氢钾,"Volumetric standard, secondary reference material for alkalimetry, traceable to NIST Standard Reference Material (SRM) Certipur"
1.88050,Water Standard,"0.01%, Reference Material for coulometric Karl Fischer Titration 1 g ≙ 0.1 mg H₂O Aquastar"
B5020,缓冲液，认证标准品,pH 4.00±0.01 (25 °C)
49452-U,C7-C40饱和烷烃混标 CRM,"certified reference material, 1000 μg/mL each component in hexane"
1.11355,ICP多元素标准溶液IV,"(23 elements in diluted nitric acid) 1000 mg/l: Ag, Al, B, Ba, Bi, Ca, Cd, Co, Cr, Cu, Fe, Ga, In, K, Li, Mg, Mn, Na, Ni, Pb, Sr, Tl, Zn Certipur"
CRM40059,-亚硝基二甲胺(NDMA) 溶液,"certified reference material, 5000 μg/mL in methanol, ampule of 1 mL"
1265515,乙二醇,United States Pharmacopeia (USP) Reference Standard
1.09409,缓冲溶液,(boric acid/potassium chloride/sodium hydroxide)traceable to SRM from NIST and PTB pH 10.00 (25°C) Certipur
CRM47177,甲醛-DNPH标准液,"certified reference material, "
1222818,Dissolution Performance Verification Standard - Prednisone (30 tablets),United States Pharmacopeia (USP) Reference Standard
1.09406,缓冲溶液,"(potassium hydrogen phthalate), traceable to SRM from NIST and PTB pH 4.01 (25°C) Certipur"
B4895,缓冲液，认证标准品,pH 10.00±0.01 (25 °C)
CRM4M7177,"甲醛-2,4-DNPH标准液 CRM","certified reference material, "
1181302,右旋糖,United States Pharmacopeia (USP) Reference Standard
5.43830,Ammonia solution,"25%, for HPLC LiChropur"
1.19781,铁标准液,traceable to SRM from NIST Fe(NO₃)₃ in HNO₃ 0.5 mol/l 1000 mg/l Fe Certipur
Z600091,Hellma,"High Performance Quartz Glass, spectral range 200-2,500 nm, pathlength 10 mm, chamber volume 3,500 μL"
1.19814,氟(F)离子标准液,traceable to SRM from NIST NaF in H₂O 1000 mg/l F Certipur
1.09400,Buffer Solution,"(boric acid/potassium chloride/sodium hydroxide) colour coded: yellow, tracable to NIST and PTB pH 10.00 (20°C) Certipur"
1.99002,缓冲溶液,"(potassium dihydrogen phosphate/di-sodium hydrogen phosphate), traceable to SRM from NIST and PTB pH 7.00 (25°C) Certipur"
CRM46304,黄曲霉毒素混合物,"certified reference material, in methanol (varied conc.), ampule of 5 × 1 mL"
D-073,5α-二氢睾酮(DHT)标准液 溶液,"1.0 mg/mL in methanol, ampule of 1 mL, certified reference material, Cerilliant"
1.19897,氯(Cl)离子标准液,traceable to SRM from NIST NaCl in H₂O 1000 mg/l Cl Certipur
239658,双酚 A,≥99%
CRM18918,F.A.M.E. 混合物,"C8 - C24, certified reference material, ampule of 100 mg (Neat)"
1.02406,氯化钠,"volumetric standard, secondary reference material for argentometry, traceable to NIST SRM Certipur"
45999,乙酸甲酯,"suitable for HPLC, ≥99.8%"
1.02408,Tris Base,"solid, reag. USP, reag. Ph. Eur., ISO 17025"
1.19812,铵(NH4)离子标准液,traceable to SRM from NIST NH₄Cl in H₂O 1000 mg/l NH₄ Certipur
1.06664,酒石酸钠二水合物,Certified Reference Material for Karl Fischer Titration 15.66% Aquastar
1043003,抗坏血酸,United States Pharmacopeia (USP) Reference Standard
1.19778,钙标准液,traceable to SRM from NIST Ca(NO₃)₂ in HNO₃ 0.5 mol/l 1000 mg/l Ca Certipur
CRM47791,亚油酸甲酯顺反异构体混标 CRM,"cis/trans, certified reference material, 10 mg/mL in dichloromethane"
40334,-亚硝基二乙胺(NDEA) 溶液,"certified reference material, 5000 μg/mL in methanol"
1500502,微粒计数集,United States Pharmacopeia (USP) Reference Standard
47783,(±)-α-生育酚,analytical standard
PHR1001,蔗糖,Pharmaceutical Secondary Standard; Certified Reference Material
1.19811,硝酸根(NO3)离子标准液,traceable to SRM from NIST NaNO₃ in H₂O 1000 mg/l NO₃ Certipur
1.19786,铜标准液,traceable to SRM from NIST Cu(NO₃)₂ in HNO₃ 0.5 mol/l 1000 mg/l Cu Certipur
48486,乙酸乙烯酯,analytical standard
1061901,苯甲醇,United States Pharmacopeia (USP) Reference Standard
1.19898,磷酸根(PO4)离子标准液,traceable to SRM from NIST KH₂PO₄ in H₂O 1000 mg/l PO₄ Certipur
1.01203,Potassium chloride solution,"nominal 1.41 mS/cm, certified reference material for the measurement of electrolytic conductivity (c=0.01 mol/l) Certipur"
PHR1012,对羟基苯甲酸甲酯,Pharmaceutical Secondary Standard; Certified Reference Material
CRM47525,(±)-土臭素和2-甲基异莰醇混标 CRM,"certified reference material, "
1546300,聚二甲基硅氧烷,United States Pharmacopeia (USP) Reference Standard
1056504,"1,4-对苯醌",United States Pharmacopeia (USP) Reference Standard
1295607,Glycerol,United States Pharmacopeia (USP) Reference Standard
C-106,皮质醇标准液 溶液,"1.0 mg/mL in methanol, ampule of 1 mL, certified reference material, Cerilliant"
1.19813,硫酸根(SO4)离子标准液,traceable to SRM from NIST Na₂SO₄ in H₂O 1000 mg/l SO₄ Certipur
1445550,Monoclonal IgG System Suitability,United States Pharmacopeia (USP) Reference Standard
1.99006,Buffer solutions,"traceable to NIST, traceable to PTB, pH 4.01 (25 °C, phthalate), pH 7.00 (25 °C, phosphate), pH 10.00(borate), Certipur"
1.19806,锌标准液,traceable to SRM from NIST Zn(NO₃)₂ in HNO₃ 0.5 mol/l 1000 mg/l Zn Certipur
1.19789,锰标准液,traceable to SRM from NIST Mn(NO₃)₂ in HNO₃ 0.5 mol/l 1000 mg/l Mn Certipur
PHL80292,β-香树脂醇,phyproof
1.19776,铅标准液,traceable to SRM from NIST Pb(NO₃)₂ in HNO₃ 0.5 mol/l 1000 mg/l Pb Certipur
47863,L -抗坏血酸,analytical standard
Z600172,Hellma,"High Performance Quartz Glass, spectral range 200-2,500 nm, pathlength 10x10 mm, chamber volume 3,500 μL"
46078,2-辛基-4-异噻唑啉-3-酮,PESTANAL
1.70230,钾标准液,traceable to SRM from NIST KNO₃ in HNO₃ 0.5 mol/l 1000 mg/l K Certipur
1.02401,苯甲酸,"volumetric standard, secondary reference material for alkalimetry, traceable to NIST Standard Reference Material (SRM) Certipur"
1.02403,重铬酸钾,"volumetric standard, secondary reference material for redox titration, traceable to NIST SRM Certipur"
1432005,尼泊金甲酯,United States Pharmacopeia (USP) Reference Standard
1424109,木精,United States Pharmacopeia (USP) Reference Standard
CRM47993,苯系物混标 CRM，高浓度,"certified reference material, 2000 μg/mL each component in methanol, ampule of 1 mL"
CRM46912,赭曲霉素 A 溶液,"certified reference material, 50 μg/mL in benzene: acetic acid (99:1), ampule of 1 mL"
1.19770,铝标准液,traceable to SRM from NIST Al(NO₃)₃ in HNO₃ 0.5 mol/l 1000 mg/l Al Certipur
1.19899,亚硝酸根(NO2)离子标准液,traceable to SRM from NIST NaNO₂ in H₂O 1000 mg/l NO₂ Certipur
CRM47940,多环芳烃 (PAH) 校准混标,", certified reference material, 10 μg/mL each component in acetonitrile"
1.70238,钠标准液,traceable to SRM from NIST NaNO₃ in HNO₃ 0.5 mol/l 1000 mg/l Na Certipur
47785,(+)-γ-生育酚,analytical standard
46102,咯菌腈,PESTANAL
1006801,丙酮,United States Pharmacopeia (USP) Reference Standard
47861,核黄素 (B2),analytical standard
1.06371,Sodium borohydride,for analysis
17811-1AMP,脂类标准品：甘油三酯混合物,certified reference material
CRM47285,TO11/IP-6A 醛/酮-DNPH 混标,"certified reference material, 15 μg/mL in acetonitrile (as the aldehyde), ampule of 1 mL"
1.00246,铂钴色度标准溶液（HAZEN 500）,Pt 500 mg/L Certipur
1396309,二甲双胍 盐酸盐,United States Pharmacopeia (USP) Reference Standard
1547969,聚山梨酯 80,United States Pharmacopeia (USP) Reference Standard
1.02410,碳酸钙,"volumetric standard, secondary reference material for complexometry, traceable to NIST Standard Reference Material (SRM) Certipur"
1.02405,无水碳酸钠,"volumetric standard, secondary reference material for acidimetry, traceable to NIST SRM Certipur"
,,
,,
,,
,,
,,
,,
,,
,,
,,
,,
,,
,,
,,
,,
,,
,,
,,
,,
,,
,,
,,
,,
,,
,,
,,
,,
,,
,,
,,
,,
,,
,,
,,
,,
,,
,,
,,
,,
,,
,,
1.70226,汞标准液,traceable to SRM from NIST Hg(NO₃)₂ in HNO₃ 2 mol/l 1000 mg/l Hg Certipur
1.09492,ICP多元素标准溶液VIII,"(24 elements in dilute nitric acid) 100 mg/l: Al, B, Ba, Be, Bi, Ca, Cd, Co, Cr, Cu, Fe, Ga, K, Li, Mg, Mn, Na, Ni, Pb, Se, Sr, Te, Tl, Zn Certipur"
1.19777,镉标准液,traceable to SRM from NIST Cd(NO₃)₂ in HNO₃ 0.5 mol/l 1000 mg/l Cd Certipur
47264,有机酸标准品套装,"(individually packaged), analytical standard"
1082708,二丁基羟基甲苯,United States Pharmacopeia (USP) Reference Standard
5.43840,无水磷酸二氢钠,for HPLC LiChropur
1667600,α-生育酚,United States Pharmacopeia (USP) Reference Standard
CRM18920,F.A.M.E. 混合物,"C8 - C22, certified reference material, ampule of 100 mg (Neat)"
CRM4M7340,"乙醛-2,4-DNPH标准液 CRM","certified reference material, ampule of 5 × 1 mL"
47786,DL-α-生育酚乙酸酯,analytical standard
Z600288,Hellma,"High Performance Quartz Glass, spectral range 200-2,500 nm, pathlength 10 mm, chamber volume 1,400 μL"
1.12939,乳糖标准品 5 %,Certified Reference Material for Karl Fischer Titration Aquastar
CRM48617,苯 溶液,"certified reference material, "
442747-U,全氟三丁胺 (PFTBA),analytical standard
A-127,Multicomponent Alcohol Mix,in H
Z600717,Hellma,"High Performance Quartz Glass, spectral range 200-2,500 nm, pathlength 10x10 mm, chamber volume 3,500 μL"
47763,胆钙化固醇（维生素 D3）,analytical standard
1.00266,标准比色液BY,"for examination of the colour of solutions related to Ph. Eur. method 1 (BY1-BY7), Certipur"
PHR1031,α-生育酚,Pharmaceutical Secondary Standard; Certified Reference Material
1134368,无水柠檬酸粉末,United States Pharmacopeia (USP) Reference Standard
V-011,维生素A标准液 溶液,"100 μg/mL ± 25% (Refer to COA) (Ethanol with 0.1% (w/v) BHT), ampule of 1 mL, reference material, Cerilliant"
1133570,硫酸软骨素钠,United States Pharmacopeia (USP) Reference Standard
PHR1008,维生素C,Pharmaceutical Secondary Standard; Certified Reference Material
1526200,2-苯氧基乙醇,United States Pharmacopeia (USP) Reference Standard
CRM46845,EPA 8081 农药混标,"certified reference material, 200 μg/mL in hexane: toluene (1:1), ampule of 1 mL"
1.09487,ICP多元素标准溶液XVI,"(21 elements in diluted nitric acid) 100 mg/l: Sb, As, Be, Cd, Ca, Cr, Co, Cu, Fe, Pb, Li, Mg, Mn, Mo, Ni, Se, Sr, Tl, Ti, V, Zn Certipur"
CRM46319,黄曲霉毒素M,"certified reference material, 10 μg/mL in acetonitrile, ampule of 1 mL"
1.99054,Buffer solution,"(citric acid/sodium hydroxide/hydrogen chloride) colour: red, traceable to SRM from NIST and PTB pH 4.00 (25 °C), Certipur"
1.02402,硫酸乙二铵亚铁（II）,"Volumetric standard, secondary reference material for redox titration, traceable to NIST Standard Reference Material (SRM) Certipur"
1340009,吲哚菁绿,United States Pharmacopeia (USP) Reference Standard
N1000,1-萘酚,", ≥99%"
1546707,高密度聚乙烯,United States Pharmacopeia (USP) Reference Standard
1233009,依地酸二钠,United States Pharmacopeia (USP) Reference Standard
1612540,七氟烷,United States Pharmacopeia (USP) Reference Standard
47083-U,甲醛 溶液,"stabilized with methanol, ~37 wt. % in H"
1335508,布洛芬,United States Pharmacopeia (USP) Reference Standard
1009005,乙酰半胱氨酸,United States Pharmacopeia (USP) Reference Standard
1.00265,颜色参考溶液B,"for examination of the colour of solutions related to Ph. Eur. method 1 ( B1-B9), Certipur"
49107-U,EPA 552.2 卤化乙酸混标,"certified reference material, 2000 μg/mL each component in methyl "
1366013,利多卡因 盐酸盐,United States Pharmacopeia (USP) Reference Standard
CRM47792,亚麻酸甲酯，8 种顺反异构体混标,"certified reference material, 10 mg/mL in dichloromethane, ampule of 1 mL"
47168,"3,5-二叔丁基-4-羟基甲苯",analytical standard
1.08160,UV-VIS Standard 1: Potassium dichromate solution,"according to Ph. Eur. (absorbance), Certipur"
1.25029,COD标准液,"traceable to NIST, 100 mg/L in H"
1.70216,金标准液,traceable to SRM from NIST H(AuCl₄) in HCl 2 mol/l 1000 mg/l Au Certipur
47889,对羟基安息香甲酯,PESTANAL
1.25032,COD Standard Solution,"traceable to NIST, 1000 mg/L in H"
1.00267,标准比色液Y,"for examination of the colour of solutions related to Ph. Eur. method 1 (Y1-Y7), Certipur"
1286504,果糖,United States Pharmacopeia (USP) Reference Standard
1.99012,缓冲溶液,"(citric acid, sodium hydroxide, hydrogen chloride) tracable to SRM from NIST and PTB pH 2.00 (25°C) Certipur"
CRM868095,Acetaldehyde solution,"certified reference material, 1000 μg/mL in water, ampule of 100 × 1.2 mL"
502138,EPA 8270/附录 IX 亚硝胺混标,"certified reference material, 2000 μg/mL each component in methanol"
1050993,苯扎氯铵,United States Pharmacopeia (USP) Reference Standard
PHR1237,胆钙化醇,Pharmaceutical Secondary Standard; Certified Reference Material
1.08166,UV-VIS标准品6：氧化钬溶液,according to Ph. Eur.
1.01965,Potassium hydrogen phthalate,certified secondary standard reference material for pH measurement; directly traceable to primary SRM from NIST/PTB pH(S) = 4.00₅ (25°C) Certipur
1.99057,Buffer solution,"(di-sodium hydrogen phosphate/potassium dihydrogen phosphate), colour:yellowtraceable to SRM from NIST and PTB pH 7.00 (25°C) Certipur"
1613804,氯化钠,United States Pharmacopeia (USP) Reference Standard
47135,阿斯巴甜,analytical standard
1131960,胆固醇,United States Pharmacopeia (USP) Reference Standard
1.01557,Potassium chloride solution,"nominal 0.147 mS/cm, certified reference material for the measurement of electrolytic conductivity (c=0.001 mol/l) Certipur"
TURB4000,福尔马肼浊度标准液(4000 NTU),certified reference material
86854,四丁基氢氧化铵 溶液,"~40% in water, suitable for ion chromatography"
1605512,"2,6-二甲基苯胺 盐酸盐",United States Pharmacopeia (USP) Reference Standard
1366002,利多卡因,United States Pharmacopeia (USP) Reference Standard
1577008,4-羟基苯甲酸丙酯,United States Pharmacopeia (USP) Reference Standard
1601281,残留溶剂 2 类-混合物 A,United States Pharmacopeia (USP) Reference Standard
1522301,Pheniramine maleate,United States Pharmacopeia (USP) Reference Standard
1269119,FAME 标准混合物,United States Pharmacopeia (USP) Reference Standard
PHR1681,Benzalkonium Chloride solution,"50%, Pharmaceutical Secondary Standard; Certified Reference Material"
1466506,硝酸甘油的丙二醇标准液,United States Pharmacopeia (USP) Reference Standard
S-015,西罗莫司 溶液,"1.0 mg/mL in acetonitrile, ampule of 1 mL, certified reference material, Cerilliant"
1.01960,磷酸二氢钾/磷酸氢二钠,"certified reference material, traceable to NIST (SRM), traceable to PTB"
1.70236,硅标准液,traceable to SRM from NIST SiO₂ in NaOH 0.5 mol/l 1000 mg/l Si Certipur
36766,"2,6-二甲基苯胺",PESTANAL
1381119,甲萘醌-7,United States Pharmacopeia (USP) Reference Standard
1295800,甘氨酸,United States Pharmacopeia (USP) Reference Standard
1.19792,镍标准液,traceable to SRM from NIST Ni(NO₃)₂ in HNO₃ 0.5 mol/l 1000 mg/l Ni Certipur
00612,水,suitable for ion chromatography
1.19785,钴标准液,traceable to SRM from NIST Co(NO₃)₂ in HNO₃ 0.5 mol/l 1000 mg/l Co Certipur
T-037,睾酮 溶液,"1.0 mg/mL in acetonitrile, ampule of 1 mL, certified reference material, Cerilliant"
1.09437,缓冲溶液,"(citric acid/sodium hydroxide), traceable to SRM from NIST and PTB pH 6.00 (20°C) Certipur"
1.09967,Aluminium standard,"1000 mg Al, (AlCl₃ in H₂O) Titrisol"
1.10580,ICP多元素标准溶液VI,for ICP-MS (30 elements in dilute nitric acid) Certipur
1.09442,Buffer solution,"(citric acid/sodium hydroxide/hydrogen chloride), traceable to SRM from NIST and PTB pH 2.00 (25°C) Certipur"
1044006,阿司匹林,United States Pharmacopeia (USP) Reference Standard
PHR1084,二甲双胍 盐酸盐,Pharmaceutical Secondary Standard; Certified Reference Material
P-066,Pregabalin solution,"1.0 mg/mL in methanol, ampule of 1 mL, certified reference material, Cerilliant"
1.88055,水标准油,Certified Reference Material for Karl Fischer Titration (oil matrix 15-30 ppm H2O) Aquastar
1.09432,缓冲溶液,"(glycine/sodium chloride/hydrogen chloride), traceable to SRM from NIST and PTB pH 1.00 (20°C) Certipur"
47827,甜蜜素,analytical standard
1.02407,草酸二钠,"volumetric standard, secondary reference material for redox titration, traceable to NIST Standard Reference Material (SRM) Certipur"
1614308,乳酸钠,United States Pharmacopeia (USP) Reference Standard
CRM46303,黄曲霉毒素混合物,"certified reference material, in methanol (varied conc.), ampule of 1 × 5 mL"
PHR1231,苯甲酸钠,Pharmaceutical Secondary Standard; Certified Reference Material
1342106,胰岛素 人,United States Pharmacopeia (USP) Reference Standard
CRM47564,"戊二醛-2,4-二硝基苯腙标准液","certified reference material, 100 μg/mL in acetonitrile (as aldehyde equivalent), ampule of 1 mL"
A-076,Multicomponent Alcohol Mix-100,100 μg/mL each component in H
1029512,Amlodipine Related Compound A,United States Pharmacopeia (USP) Reference Standard
1044516,阿托伐他汀钙,United States Pharmacopeia (USP) Reference Standard
1478516,Omeprazole Related Compound A,United States Pharmacopeia (USP) Reference Standard
1613655,碳酸氢钠,United States Pharmacopeia (USP) Reference Standard
V-020,(±)−α−生育酚（维生素E） 溶液,"1.0 mg/mL in methanol, ampule of 1 mL, certified reference material, Cerilliant"
AAS18,氨基酸标准品,analytical standard
1603006,核黄素,United States Pharmacopeia (USP) Reference Standard
49148-U,室内空气标准品,"50 components, certified reference material, 100 μg/mL each component in methanol: water (19:1)"
1.09259,水标准品 5 mg/mL,(1 ml contains 5 mg H₂O) Aquastar
1533002,去氧肾上腺素 盐酸盐,United States Pharmacopeia (USP) Reference Standard
1787-1AMP,脂质标准品、单、双和甘油三酯混合物,"certified reference material, pkg of 40 mg (Neat)"
CRM18917,F.A.M.E. 混合物,"C14 - C22, certified reference material,  wt. % (varied conc.), ampule of 100 mg"
CRM47426,EPA CLP 有机氯农药混标 CRM,"certified reference material, 2000 μg/mL each component in hexane: toluene (1:1), ampule of 1 mL"
47127-U,胆固醇 溶液,"certified reference material, 10 mg/mL in chloroform"
1.19797,银标准液,traceable to SRM from NIST AgNO₃ in HNO₃ 0.5 mol/l 1000 mg/l Ag Certipur
CRM48777,EPA VOC Mix 2,"certified reference material, 2000 μg/mL each component in methanol, ampule of 1 mL"
PHR1557,二氯甲烷,Pharmaceutical Secondary Standard; Certified Reference Material
47288,D -(+)-麦芽糖 一水合物,analytical standard
CRM48805,EPA 邻苯二甲酸酯混标,"certified reference material, 2000 μg/mL each component in methanol, ampule of 1 mL"
1131009,胆钙化醇,United States Pharmacopeia (USP) Reference Standard
39883,氯离子标准液，用于离子色谱分析,", 1000 mg/L chloride in water (nominal concentration)"
PHL80016,(+)-异薄荷醇,phyproof
1.09460,即用型pH标准液,"(boric acid/sodium hydroxide/hydrogen chloride), traceable to SRM from NIST and PTB pH 8.00 (20°C) Certipur"
1.70340,磷ICP标准品,traceable to SRM from NIST H₃PO₄ in H₂O 1000 mg/l P Certipur
Z804290,"Polystyrene calibration films for IR, Ph.Eur. certified",
1614807,无水硫酸钠,United States Pharmacopeia (USP) Reference Standard
47848,山梨酸钾,analytical standard
1546547,聚乙二醇 3350,United States Pharmacopeia (USP) Reference Standard
1.14724,"Empty cells, photometric",
PHR1117,"2,6-二叔丁基-4-甲基苯酚",Pharmaceutical Secondary Standard; Certified Reference Material
1.70303,砷ICP标准品,traceable to SRM from NIST H₃AsO₄ in HNO₃ 2-3% 1000 mg/l As Certipur
1356701,乳糖 一水合物,United States Pharmacopeia (USP) Reference Standard
CRM47522,(±)-土臭素标准液 溶液,"certified reference material, "
46958,视黄醇乙酸酯,analytical standard
PHL82372,儿茶酚,phyproof
CLR500,颜色 500 Pt-Co 单位校准标准品,certified reference material
1.09408,缓冲溶液,(boric acid/potassium chloride/sodium hydroxide)traceable to SRM from NIST and PTB pH 9.00 (25°C) Certipur
PHR1091,香草醛熔点标准品,Pharmaceutical Secondary Standard; Certified Reference Material
68279,硫酸浓缩液,0.1 M H
A-166,Adalimumab solution,"10.0 mg/mL (12.5 mM Histidine Buffer), certified reference material, Cerilliant"
1614363,月桂基硫酸钠,United States Pharmacopeia (USP) Reference Standard
1706698,尿素,United States Pharmacopeia (USP) Reference Standard
CRM48392,三嗪类农药标准品混标 CRM,"certified reference material, "
442327,"2,6-二甲基苯胺",analytical standard
E-029,乙醇-50标准液 CRM,50 mg/dL in H
PHL89328,Isomenthone,phyproof
V-019,维生素B12标准液 CRM 溶液,"1.0 mg/mL in methanol, ampule of 1 mL, certified reference material, Cerilliant"
68302,Sodium bicarbonate/Sodium carbonate concentrate,160 mM Na
53407,5-羟甲基糠醛,analytical standard
46959-U,视黄醇棕榈酸酯,analytical standard
1.01553,氯化钾 溶液,"nominal 1.41 mS/cm, Certified Reference Material for the measurement of electrolytic conductivity, traceable to PTB (c=0.01 mol/l) Certipur"
PHR1235,视黄醇(维生素A)棕榈酸酯 CRM,Pharmaceutical Secondary Standard; Certified Reference Material
CRM40755,萜烯混合物 A,"certified reference material, 2000 μg/mL each component in methanol"
74246,硝酸标准液，用于离子色谱分析,", 1000 mg/L nitrate in water (nominal concentration)"
1082956,"(±)-1,3-丁二醇",United States Pharmacopeia (USP) Reference Standard
CRM46916,玉米烯酮 溶液,"certified reference material, 50 μg/mL in acetonitrile, ampule of 1 mL"
1.09462,即用型pH标准液,"(boric acid/potassium chloride/sodium hydroxide), traceable to SRM from NIST and PTB pH 11.00 (20°C) Certipur"
46401-U,消旋-β-生育酚 溶液,"50 mg/mL in hexane, certified reference material"
1667701,生育酚乙酸酯,United States Pharmacopeia (USP) Reference Standard
1481226,Oxaliplatin Related Compound B,United States Pharmacopeia (USP) Reference Standard
1656002,硫胺 盐酸盐,United States Pharmacopeia (USP) Reference Standard
1495005,木瓜蛋白醇,United States Pharmacopeia (USP) Reference Standard
Y0002285,Croscarmellose sodium,"CRS, European Pharmacopoeia (EP) Reference Standard"
90071,硫酸根标准液，用于离子色谱分析,", 1000 mg/L sulfate in water (nominal concentration)"
47839,糖精钠,analytical standard
1592409,槲皮素,United States Pharmacopeia (USP) Reference Standard
1613564,苯甲酸钠,United States Pharmacopeia (USP) Reference Standard
46120,广灭灵,PESTANAL
1546445,聚乙二醇400,United States Pharmacopeia (USP) Reference Standard
1.70362,锡ICP标准品,traceable to SRM from NIST SnCl₄ in HCl 7% 1000 mg/l Sn Certipur
43725,氯化翠雀啶,analytical standard
1071508,生物素,United States Pharmacopeia (USP) Reference Standard
PHL89728,锦葵色素3-葡萄糖苷氯化物,phyproof
P-072,Pregabalin-D,"100 μg/mL in methanol, ampule of 1 mL, certified reference material, Cerilliant"
E-015,乙基-β-D-葡萄糖醛酸标准液,"1.0 mg/mL in methanol, ampule of 1 mL, certified reference material, Cerilliant"
CRM4M7285,TO11/IP-6A 醛/酮-DNPH 混标,"certified reference material, 15 μg/mL each component in acetonitrile (as the aldehyde or ketone), ampule of 3 × 1 mL"
1.70326,铁ICP标准品,traceable to SRM from NIST Fe(NO₃)₃ in HNO₃ 2-3% 1000 mg/l Fe Certipur
47774,维生素 (K2),analytical standard
1.70242,锡标准液,traceable to SRM from NIST SnCl₄ in HCl 2 mol/l 1000 mg/l Sn Certipur
CRM48743,EPA 610多环芳烃混标 CRM,"certified reference material, in methanol: methylene chloride (1:1) (varied concentration)"
V-025,维生素D,"1 mg/mL in ethanol, ampule of 1 mL, certified reference material, Cerilliant"
1.19500,硼标准液,traceable to SRM from NIST H₃BO₃ in H₂O 1000 mg/l B Certipur
C2155000,胆固醇,"CRS, European Pharmacopoeia (EP) Reference Standard"
48564,苯并[,"analytical standard, for environmental analysis"
L-047,乳铁蛋白（来自牛乳）,"certified reference material, pkg of 50 mg, Cerilliant"
40077-U,EPA 506 邻苯二甲酸酯混标（7 种成分）,"certified reference material, 1000 μg/mL each component in isooctane"
A-054,Multicomponent Alcohol Calibration Kit (C1-C3) solution,in H
1.99015,即用型标准缓冲液 pH 1.68,(Potassium tetraoxalate) traceable to SRM from NIST and PTB pH 1.68 (25°C) Certipur
CRM46911,脱氧雪腐镰刀菌烯醇标准液 CRM,"certified reference material, 200 μg/mL in ethyl acetate: methanol (95:5), ampule of 1 mL"
1535722,磷脂酸（大豆）一钠盐,United States Pharmacopeia (USP) Reference Standard
Z600644,Hellma,"High Performance Quartz Glass, spectral range 200-2,500 nm, pathlength 10 mm, chamber volume 3,500 μL"
E-060,17β-雌二醇 溶液,"1.0 mg/mL in acetonitrile, ampule of 1 mL, certified reference material, Cerilliant"
46100,咔唑,VETRANAL
PHR9055,苯偶酰,"certified reference material, "
CRM44918,ASTM,"with Internal Standards, certified reference material"
D-063,脱氢表雄酮（DHEA）标准液 溶液,"1.0 mg/mL in methanol, ampule of 1 mL, certified reference material, Cerilliant"
Z805939,Hellmanex,Special Cleaning Concentrate for cuvettes
77365,氟离子标准液，用于离子色谱分析,", 1000 mg/L fluoride in water (nominal concentration)"
1374500,马来酸,United States Pharmacopeia (USP) Reference Standard
PHR1050,苯甲酸,Pharmaceutical Secondary Standard; Certified Reference Material
1546900,聚对苯二甲酸,United States Pharmacopeia (USP) Reference Standard
48075,Ethanol 溶液,"certified reference material, 2000 μg/mL in methanol"
PHR1013,水杨酸,Pharmaceutical Secondary Standard; Certified Reference Material
1428008,亚甲蓝,United States Pharmacopeia (USP) Reference Standard
442685,-亚硝基-,analytical standard
1.19796,硒标准液,traceable to SRM from NIST SeO₂ in HNO₃ 0.5 mol/l 1000 mg/l Se Certipur
PHR1000,葡萄糖,Pharmaceutical Secondary Standard; Certified Reference Material
1535755,磷脂酰胆碱（大豆）,United States Pharmacopeia (USP) Reference Standard
PHR1004,布洛芬,Pharmaceutical Secondary Standard; Certified Reference Material
45521,草甘膦,PESTANAL
1294207,葡萄糖胺 盐酸盐,United States Pharmacopeia (USP) Reference Standard
1065480,β胡萝卜素,United States Pharmacopeia (USP) Reference Standard
PHL89198,没食子酸,phyproof
1477502,辛醇9,United States Pharmacopeia (USP) Reference Standard
1609013,对羟基苯甲酸,United States Pharmacopeia (USP) Reference Standard
1.01254,Potassium chloride solution,"nominal 12.8 mS/cm, certified reference material for the measurement of electrolytic conductivity (c=0.1 mol/l) Certipur"
CRM96839,"三(2,4-二","certified reference material, "
1443952,矿物油,United States Pharmacopeia (USP) Reference Standard
1150320,肌酸,United States Pharmacopeia (USP) Reference Standard
1524806,苯酚,United States Pharmacopeia (USP) Reference Standard
1055002,苯甲酸,United States Pharmacopeia (USP) Reference Standard
1375105,甘露醇,United States Pharmacopeia (USP) Reference Standard
ERA-028,13种醛/酮-DNPH标准储备液 CRM,"15 μg/mL each component in acetonitrile (as Aldehyde/Ketone), ampule of 1.2 mL, certified reference material, Cerilliant"
1048288,β-葡聚糖,United States Pharmacopeia (USP) Reference Standard
1614002,氟化钠,United States Pharmacopeia (USP) Reference Standard
47773,叶绿醌 (K1),analytical standard
48625,氯乙烯 溶液,"200 μg/mL in methanol, analytical standard"
PHR1372,甲醇,Pharmaceutical Secondary Standard; Certified Reference Material
PHR1051,丙二醇,Pharmaceutical Secondary Standard; Certified Reference Material
49634,γ-生育三烯醇,analytical standard
47267,单糖标准品套装,analytical standard
1.07827,缓冲溶液,(acetic acid/sodium acetate) traceable to SRM from NIST and PTB pH 4.66 (20°C) Certipur
442842,二苯甲酮,analytical standard
1609002,水杨酸,United States Pharmacopeia (USP) Reference Standard
1.09434,缓冲溶液,"(citric acid/sodium hydroxide/hydrogen chloride), traceable to SRM from NIST and PTB pH 3.00 (20°C) Certipur"
1.99005,Buffer solutions,"traceable to NIST, traceable to PTB, pH 4.01 (25 °C, phthalate), pH 7.00 (25 °C, phosphate), pH 9.00(borate), Certipur"
80717,亮蓝,analytical standard
1.99064,Buffer solution,(citric acid/sodium hydroxide/hydrogen chloride) tracable to SRM from NIST and PTB pH 4.00 (25°C) Certipur
1.09441,缓冲溶液,"(glycine/sodium chloride/hydrogen chloride), traceable to SRM from NIST and PTB pH 1.00 (25°C) Certipur"
N-076,甲基亚硝胺基吡啶基丁酮(NNK)标准液 CRM 溶液,"1.0 mg/mL in methanol, ampule of 1 mL, certified reference material, Cerilliant"
G-901,Gabapentin-D,"100 μg/mL in methanol, ampule of 1 mL, certified reference material, Cerilliant"
Z600210,Hellma,"High Performance Quartz Glass, spectral range 200-2,500 nm, pathlength 10 mm, chamber volume 700 μL"
1308505,L-组氨酸,United States Pharmacopeia (USP) Reference Standard
1547925,聚山梨酯20,United States Pharmacopeia (USP) Reference Standard
1354900,山柰酚,United States Pharmacopeia (USP) Reference Standard
A3160,乙酰水杨酸,analytical standard
442829,磷酸三苯酯,analytical standard
40035-U,EPA 521 亚硝胺混标,"certified reference material, 2000 μg/mL each component in dichloromethane"
E-022,EDDP高氯酸盐标准液 CRM 溶液,"1.0 mg/mL in methanol (as pyrolinium), ampule of 1 mL, certified reference material, Cerilliant"
1613859,柠檬酸钠,United States Pharmacopeia (USP) Reference Standard
P3143,聚乙烯亚胺 溶液,"analytical standard, 50 % (w/v) in H"
1286005,叶酸,United States Pharmacopeia (USP) Reference Standard
1134357,顺氯氨铂,United States Pharmacopeia (USP) Reference Standard
43617,Sodium hydroxide solution,"0.1 M NaOH in water (0.1N), Eluent concentrate for IC"
1.25045,Nitrogen (total) Standard Solution,"traceable to NIST, 100 mg/L N in H"
PHR1036,吡哆醇 盐酸盐,Pharmaceutical Secondary Standard; Certified Reference Material
PHR1234,维生素B12,"pharmaceutical secondary standard, certified reference material"
PHR1257,利多卡因,Pharmaceutical Secondary Standard; Certified Reference Material
T-043,群勃龙 溶液,"1.0 mg/mL in acetonitrile, ampule of 1 mL, certified reference material, Cerilliant"
1411504,L-甲硫氨酸,United States Pharmacopeia (USP) Reference Standard
89357,荧光 IEF 标记物 pI 8.7 溶液,1 mg/mL in 10 mM HCl
1.09017,TOC标准液,"according to EN 1484-H3, according to DIN 38409-H3, 1000 mg/L potassium hydrogen phthalate in water (stabilized), Certipur"
C-094,卡马西平-D10标准液 CRM 溶液,"100 μg/mL in methanol, ampule of 1 mL, certified reference material, Cerilliant"
861291,PAH Mix 3,"certified reference material, in methylene chloride: methanol (1:1) (varied)"
CRM48905,EPA TCL多环芳烃混标 CRM,"certified reference material, "
93497,1,"certified reference material, "
47864,烟酸,analytical standard
48391,有机磷农药混标 A,"certified reference material, 2000 μg/mL each component in hexane: acetone (9:1)"
PHR1046,乙二醇,Pharmaceutical Secondary Standard; Certified Reference Material
48688,苯酚 溶液,"certified reference material, 500 μg/mL in methanol"
1683708,三乙二醇,United States Pharmacopeia (USP) Reference Standard
CRM47930,QTM PAH Mix,"certified reference material, 2000 μg/mL each component in dichloromethane, ampule of 1 mL"
1.19163,Caffeine standard solution for HPLC system qualification,Solution for gradient test; 20 mg/l caffeine in water 500 ml LiChroTest
1.09436,缓冲溶液,(citric acid/sodium hydroxide) traceable to SRM from NIST and PTB pH 5.00 (20°C) Certipur
I110,布洛芬,
1.02409,锌,"volumetric standard, secondary reference material for complexometry, traceable to NIST SRM Certipur"
NIST2387,花生酱,NIST
1021204,4-氨基苯酚,United States Pharmacopeia (USP) Reference Standard
1381709,薄荷醇,United States Pharmacopeia (USP) Reference Standard
1370000,洛哌丁胺 盐酸盐,United States Pharmacopeia (USP) Reference Standard
Z600199,Hellma,"High Performance Quartz Glass, spectral range 200-2,500 nm, pathlength 10 mm, chamber volume 700 μL"
1.70333,汞ICP标准品,traceable to SRM from NIST Hg(NO₃)₂ in HNO₃ 10% 1000 mg/l Hg Certipur
1352008,异山梨醇 溶液,United States Pharmacopeia (USP) Reference Standard
1179333,右美托咪啶 盐酸盐,United States Pharmacopeia (USP) Reference Standard
1711009,香草醛,United States Pharmacopeia (USP) Reference Standard
861237,有机磷农药混标,"certified reference material, 100 μg/mL each component in hexane"
1375025,麦芽糖 一水合物,United States Pharmacopeia (USP) Reference Standard
E-031,乙醇-100（10支/盒)标准液 CRM,100 mg/dL in H
47287-U,乳糖一水合物,analytical standard
48147,"N,N′-(亚甲基二亚苯基)双{4-(2-吡啶基)-1-哌嗪甲酰胺}（4,4′-MDIP 的衍生物）","certified reference material, 1000 μg/mL in DMSO (as the derivative)"
C-113,氢化可的松-D,"100 μg/mL in methanol, ampule of 1 mL, certified reference material, Cerilliant"
PHR1232,D-泛酸半钙盐,Pharmaceutical Secondary Standard; Certified Reference Material
PHR1045,二乙二醇,Pharmaceutical Secondary Standard; Certified Reference Material
E-040,乙醇-10标准液 CRM,10 mg/dL in H
44054,二氧化硅基微粒,size: 5 μm
506508,EPA CLP半挥发性校准混标 CRM,"certified reference material, 1000 μg/mL each component in dichloromethane : benzene (3:1)"
CRM1891,F.A.M.E. GLC-10混合物,"certified reference material, pkg of 100 mg (Neat)"
C-016,(-)-可替宁 溶液,"1.0 mg/mL in methanol, ampule of 1 mL, certified reference material, Cerilliant"
PHR1020,Glycerol,Pharmaceutical Secondary Standard; Certified Reference Material
PHR1236,视黄醇乙酸酯,Pharmaceutical Secondary Standard; Certified Reference Material
PHR1740,N-乙烯-2-吡咯烷酮,Pharmaceutical Secondary Standard; Certified Reference Material
D-011,"1,3-二硝基甘油 溶液","1.0 mg/mL in acetonitrile, ampule of 1 mL, certified reference material, Cerilliant"
1682206,三氯生,United States Pharmacopeia (USP) Reference Standard
1.99003,缓冲溶液,"(boric acid/potassium chloride/sodium hydroxide solution), traceable to SRM from NIST and PTB pH 9.00 (25°C) Certipur"
MSCAL2,ProteoMass,Peptide MALDI MS Calibration Standard
E-030,乙醇-80 标准液 CRM,80 mg/dL in H
1163253,达格列净丙二醇一水合物,United States Pharmacopeia (USP) Reference Standard
O7631-1AMP,AOCS No. 6 (RM-6),"certified reference material, pkg of 100 mg (Neat)"
V-044,维生素K2-（MK-7）,"100 μg/mL in acetonitrile, certified reference material, Cerilliant"
1602502,视黄醇(维生素A)棕榈酸酯 CRM,United States Pharmacopeia (USP) Reference Standard
BP734,氨甲环酸杂质标准品,British Pharmacopoeia (BP) Reference Standard
96892,"1,4-丁二醇二缩水甘油醚",analytical standard
36611,四聚乙醛,PESTANAL
1.70353,钠ICP标准品,traceable to SRM from NIST NaNO₃ in HNO₃ 2-3% 1000 mg/l Na Certipur
PHL89514,菜油甾醇,phyproof
1087009,泛酸钙,United States Pharmacopeia (USP) Reference Standard
1.70227,钼标准液,traceable to SRM from NIST (NH₄)₆Mo₇O₂₄ in H₂O 1000 mg/I Mo Certipur
89866,-甲苯磺酸 一水合物,analytical standard
38364,磷酸根 IC 标准溶液,", 1000 mg/L phosphate in water (nominal concentration)"
1134324,环丙沙星乙二胺同系物,United States Pharmacopeia (USP) Reference Standard
03322,酒石黄,analytical standard
72822,聚苯乙烯,size: 10.0 μm
1140597,Clopidogrel Related Compound B,United States Pharmacopeia (USP) Reference Standard
P-173,1P-LSD solution,"1 mg/mL (Acetonitrile with 0.1% BHT), certified reference material, ampule of 1 mL, Cerilliant"
1.70360,Uranium ICP standard,traceable to SRM from NIST UO₂(NO₃)₂ in HNO₃ 2-3% 10 mg/l U Certipur
V-014,盐酸硫胺素（维生素B1）标准液 CRM 溶液,"1.0 mg/mL in methanol (as free base), ampule of 1 mL, certified reference material, Cerilliant"
PHR1329,氯化钾,Pharmaceutical Secondary Standard; Certified Reference Material
PHR1003,阿司匹林,Pharmaceutical Secondary Standard; Certified Reference Material
00271,右旋糖酐,"analytical standard, for GPC, 25,000"
D-085,地塞米松 溶液,"1.0 mg/mL in methanol, ampule of 1 mL, certified reference material, Cerilliant"
67276,亚硝酸标准液，用于离子色谱分析,", 1000 mg/L nitrite in water (pH ~11 nominal concentration)"
1535733,磷脂酰胆碱,United States Pharmacopeia (USP) Reference Standard
PHR1518,聚二甲基硅氧烷,Pharmaceutical Secondary Standard; Certified Reference Material
1288485,明胶,United States Pharmacopeia (USP) Reference Standard
CRM40937,萜烯类混标B,"certified reference material, 2000 μg/mL each component in methanol, ampule of 1 mL"
36792,苯草醚,PESTANAL
1.70332,锰ICP标准品,traceable to SRM from NIST Mn(NO₃)₂ in HNO₃ 2-3% 1000 mg/l Mn Certipur
71251,乙酸,analytical standard
1711202,维拉帕米 盐酸盐,United States Pharmacopeia (USP) Reference Standard
1.07289,钯基体改进剂,for graphite furnace AAS c(Pd) = 10.0 ± 0.2 g/l (Pd(NO₃)₂ / HNO₃ ca. 15%)
1294820,谷胱甘肽,United States Pharmacopeia (USP) Reference Standard
1672756,Tranexamic acid Related Compound C,United States Pharmacopeia (USP) Reference Standard
1140600,Clopidogrel Related Compound C,United States Pharmacopeia (USP) Reference Standard
CRM46955,EPA 8270半挥发性内标混标,"certified reference material, "
CRM44893,甘油单油酸酯 溶液,"certified reference material, 5000 μg/mL in pyridine"
A-075,雄烯二酮标准液 溶液,"1.0 mg/mL in acetonitrile, ampule of 1 mL, certified reference material, Cerilliant"
43843,23种多元素ICP混标6,", 23 elements, 100 mg/L each in nitric acid and hydrofluoric acid"
1.19507,钠(Na)离子标准液,traceable to SRM from NIST NaNO₃ in H₂O 1000 mg/l Na Certipur
1356734,乳酸,United States Pharmacopeia (USP) Reference Standard
1362103,左氧氟沙星,United States Pharmacopeia (USP) Reference Standard
1613757,无水碳酸钠,United States Pharmacopeia (USP) Reference Standard
1.99068,即用型标准缓冲液pH 7.00,"di-sodium hydrogen phosphate/potassium dihydrogen phosphate, traceable to NIST, traceable to PTB, pH 6.86 (25 °C), Certipur"
1570439,2-Propanol System Suitability,United States Pharmacopeia (USP) Reference Standard
PHR1037,硫胺 盐酸盐,Pharmaceutical Secondary Standard; Certified Reference Material
CRM47571,"-5,8,11,14,17-二十碳五烯酸甲酯 (EPA甲酯)标准液","certified reference material, 10 mg/mL in heptane, ampule of 1 mL"
1546569,聚乙二醇4000,United States Pharmacopeia (USP) Reference Standard
1294808,谷氨酰胺,United States Pharmacopeia (USP) Reference Standard
T-046,睾酮-D,"100 μg/mL in acetonitrile, ampule of 1 mL, certified reference material, Cerilliant"
442785,角鲨烯,analytical standard
PHR1033,烟酰胺,Pharmaceutical Secondary Standard; Certified Reference Material
E-053,乙醇-500标准液 CRM,500 mg/dL in H
1462006,烟酰胺,United States Pharmacopeia (USP) Reference Standard
CRM46914,棒曲霉素溶液 溶液,"certified reference material, 100 μg/mL in chloroform, ampule of 1 mL"
P3869,磷标准品 溶液,0.65 mM (phosphorous)
48047,EPA 552 卤化乙酸混标,"certified reference material, 2000 μg/mL each component in methyl "
1.01645,缓冲溶液,"(di-sodium tetraborate), traceable to SRM from NIST and PTB pH 9.22 (20°C) Certipur"
45614,苄氯菊酯,PESTANAL
CRM47342,丙烯醛-DNPH标准液,"certified reference material, 1000 μg/mL in acetonitrile (as the aldehyde), ampule of 1 mL"
45698,三氯磷酸酯,PESTANAL
1042601,精氨酸盐酸盐,United States Pharmacopeia (USP) Reference Standard
CRM48746,EPA 501/601三卤甲烷校准混标 CRM,"certified reference material, "
45758,氟草烟(氯氟吡氧乙酸),PESTANAL
PHR1035,叶酸,Pharmaceutical Secondary Standard; Certified Reference Material
PHR1054,核黄素,Pharmaceutical Secondary Standard; Certified Reference Material
G-015,人参皂甙混合物,"100 μg/mL each component in methanol, ampule of 100 μg/mL, certified reference material, Cerilliant"
1356337,Ketorolac Related Compound C,United States Pharmacopeia (USP) Reference Standard
74599,"1,3,5-三甲氧基苯","Standard for quantitative NMR, "
1.08159,Holmium perchlorate standard solution,for the calibration of spectrophotometers
1672206,托吡酯,United States Pharmacopeia (USP) Reference Standard
Z600008,Hellma,"Special Optical Glass, spectral range 360-2,500 nm, pathlength 10 mm, chamber volume 3,500 μL"
PHR1030,DL-α-生育酚醋酸酯,Pharmaceutical Secondary Standard; Certified Reference Material
1478505,奥美拉唑,United States Pharmacopeia (USP) Reference Standard
1374601,苹果酸,United States Pharmacopeia (USP) Reference Standard
CRM47672,醛酮-DNPH 混标 1,"certified reference material, in acetonitrile (varied conc.), ampule of 1 × 1 mL"
1478130,油酸,United States Pharmacopeia (USP) Reference Standard
PHL83351,α-蛇麻烯,phyproof
1379081,"D,L-5-甲基四氢叶酸钙",United States Pharmacopeia (USP) Reference Standard
48231,EPA 邻苯二甲酸酯混标,"certified reference material, 2000 μg/mL each component in hexane"
PHR1928,瑞舒伐他汀钙,Pharmaceutical Secondary Standard; Certified Reference Material
1224620,"4,7,10,13,16,19-二十二碳六烯酸乙酯",United States Pharmacopeia (USP) Reference Standard
199011,缓冲溶液,(Potassium tetraoxalate) traceable to SRM from NIST and PTB pH 1.68 (25°C) Certipur
D-010,"1,2-二硝基甘油 溶液","1.0 mg/mL in acetonitrile, ampule of 1 mL, certified reference material, Cerilliant"
1354309,伊维菌素,United States Pharmacopeia (USP) Reference Standard
CRM48367,"1,4-二氧六环 溶液","certified reference material, 2000 μg/mL in methanol, ampule of 1 mL"
1535766,磷脂酰乙醇胺(大豆),United States Pharmacopeia (USP) Reference Standard
49085,阿特拉津,analytical standard
1.04660,UV-VIS Standard 1a: Potassium dichromate solution (600 mg/l),"according to Ph. Eur. absorbance at 430nm, Certipur"
1.11448,阴离子多元素标准品II,"1000 mg/l: Cl⁻, NO₃⁻, SO₄²⁻ in H₂O Certipur"
1.07294,缓冲溶液,"di-sodium hydrogen phosphate/potassium dihydrogen phosphate, traceable to NIST, traceable to PTB, pH 6.88 (20 °C), Certipur"
1380105,褪黑素,United States Pharmacopeia (USP) Reference Standard
1140430,硫酸氯吡格雷,United States Pharmacopeia (USP) Reference Standard
1.70314,铜ICP标准品,traceable to SRM from NIST Cu(NO₃)₂ in HNO₃ 2-3% 1000 mg/l Cu Certipur
1466674,-亚硝基二甲胺(NDMA),United States Pharmacopeia (USP) Reference Standard
L-039,"α,亚麻酸标准液 CRM","1.0 mg/mL in ethanol, certified reference material, Cerilliant"
CRM47651,CARB 方法 1004 DNPH 混标 2,"certified reference material, 30 μg/mL in acetonitrile (as the aldehydes & ketones)), ampule of 1 × 1 mL"
1.70328,铅ICP标准品,traceable to SRM from NIST Pb(NO₃)₂ in HNO₃ 2-3% 1000 mg/l Pb Certipur
PHR1148,对乙酰氨基酚相关化合物K,Pharmaceutical Secondary Standard; Certified Reference Material
1612594,"1,1,1,3,3,3-六氟-2-丙醇",United States Pharmacopeia (USP) Reference Standard
1.09493,ICP multi-element standard solution X,for surface water testing (23 elements in dilute nitric acid) Certipur
H-074,D,"50 μg/mL in ethanol, ampule of 1 mL, certified reference material, Cerilliant"
1642857,系统适用性试验用他克莫司混合物,United States Pharmacopeia (USP) Reference Standard
1461003,尼亚生,United States Pharmacopeia (USP) Reference Standard
PHR1002,果糖,Pharmaceutical Secondary Standard; Certified Reference Material
62414,碳酸氢钠/碳酸钠浓缩液,Na
1683504,三乙烯四胺 二盐酸盐,United States Pharmacopeia (USP) Reference Standard
48144,"N,N′-(2-甲基-1,3-亚苯基)双{4-(2-吡啶基)-1-哌嗪甲酰胺}（2,6-TDIP 的衍生物）",certified reference material
PHR1279,L-抗坏血酸钠,Pharmaceutical Secondary Standard; Certified Reference Material
1.99050,Buffer solution,"(boric acid/potassium chloride/sodium hydroxide) colour coded: blue, traceable to NIST and PTB pH 10.00 (25°C) Certipur"
T-070,"睾酮-2,3,4-","100 μg/mL in acetonitrile, ampule of 1 mL, certified reference material, Cerilliant"
T-074,"3,3′,5-三碘-L-甲状腺原氨酸（T",100 μg/mL in methanol with 0.1N NH
E-033,乙醇-300标准液 CRM,300 mg/dL in H
48145,"N,N′-(4-甲基-1,3-亚苯基)双{4-(2-吡啶基)-1-哌嗪甲酰胺}（2,4-TDIP 的衍生物）","certified reference material, 1000 μg/mL in DMSO (as the derivative)"
16596,铁AAS标准液,", 1 g/L Fe in nitric acid (nominal concentration)"
1706712,缩二脲,United States Pharmacopeia (USP) Reference Standard
PHL80152,3-羟基酪醇,phyproof
1621008,硬脂酸,United States Pharmacopeia (USP) Reference Standard
TURB100,福尔马肼浊度标准液(100 NTU),certified reference material
1.09892,缓冲浓缩液,"(phosphate/sodium hydroxide), traceable to SRM of NIST and PTB for 500 ml buffer solution, pH 12.00 ± 0.05 (20°C) Titrisol"
40127-U,乙偶姻,analytical standard
442539,1-癸醇,analytical standard
1.04498,ICP Multi element standard solution IV certified reference material,"(23 elements in diluted nitric acid), Certipur"
1.70331,镁ICP标准品,traceable to SRM from NIST Mg(NO₃)₂ in HNO₃ 2-3% 1000 mg/l Mg Certipur
1.25042,Nitrite Standard Solution,traceable to SRM from NIST 40.0 mg/L NO₂-N in H₂O
1.70334,钼ICP标准品,traceable to SRM from NIST  (NH₄)₆Mo₇O₂₄ in H₂O  1000 mg/l Mo Certipur
1012768,乙醇,United States Pharmacopeia (USP) Reference Standard
1.09972,Iron standard,"1000 mg Fe, (FeCl₃ in 15% HCl) Titrisol"
N-077,(S)-N-Nitrosoanabasine (NAB) solution,"1.0 mg/mL in methanol, ampule of 1 mL, certified reference material, Cerilliant"
PHR1555,正己烷,Pharmaceutical Secondary Standard; Certified Reference Material
CRM44894,"1,3-二油精 溶液","certified reference material, 5000 μg/mL in pyridine"
1.70308,钙ICP标准品,traceable to SRM from NIST Ca(NO₃)₂ in HNO₃ 2-3% 1000 mg/l Ca Certipur
48858-U,EPA 杀虫剂混标,"in methanol: methylene chloride (98:2) (varied), "
77188,2H-Perfluoro-2-decenoic acid,"certified reference material, "
CRM46300,黄曲霉毒素混标,"certified reference material, in benzene:acetonitrile (98:2 ; varied conc.), ampule of 5 × 1 mL"
1.70312,铬ICP标准品,traceable to SRM from NIST Cr(NO₃)₃ in HNO₃ 2-3% 1000 mg/l Cr Certipur
1570428,2-丙醇,United States Pharmacopeia (USP) Reference Standard
1.70369,锌ICP标准品,traceable to SRM from NIST Zn(NO₃)₂ in HNO₃ 2-3% 1000 mg/l Zn Certipur
1150706,交联聚维酮,United States Pharmacopeia (USP) Reference Standard
M-136,甲氨蝶呤，1 X 100MG 溶液,"1.0 mg/mL in methanol with 0.1N NaOH, ampule of 1 mL, certified reference material, Cerilliant"
1643328,单宁酸,United States Pharmacopeia (USP) Reference Standard
1.14282,钯标准液,traceable to SRM from NIST Pd(NO₃)₂ in HNO₃ 0.5 mol/l 1000 mg/l Pd Certipur
1.00268,标准比色液GY,"for examination of the colour of solutions related to Ph. Eur. method 1 (GY1-GY7), Certipur"
CRM47523,2-甲基异冰片 溶液,"certified reference material, "
PHR1007,甘露醇,Pharmaceutical Secondary Standard; Certified Reference Material
PHR1371,Benzalkonium Chloride solution,"10%, Pharmaceutical Secondary Standard; Certified Reference Material"
45395,毒死蜱,PESTANAL
1356326,Ketorolac Related Compound B,United States Pharmacopeia (USP) Reference Standard
PHR1239,β-胡萝卜素,Pharmaceutical Secondary Standard; Certified Reference Material
48953-U,EPA 525（多环芳烃）混标 A,"certified reference material, 500 μg/mL each component in dichloromethane"
1.70301,铝ICP标准品,traceable to SRM from NIST Al(NO₃)₃ in HNO₃ 2-3% 1000 mg/l Al Certipur
1683537,Triethyl Aconitate,United States Pharmacopeia (USP) Reference Standard
1188811,"-（2,6-二氯苯基）-2-吲哚酮",United States Pharmacopeia (USP) Reference Standard
1004001,乙酰苯胺,United States Pharmacopeia (USP) Reference Standard
CRM48140,EPA 501/601三卤甲烷校准混标 CRM,"certified reference material, "
H-083,25-羟基维生素D,"100 μg/mL in ethanol, ampule of 1 mL, certified reference material, Cerilliant"
COND1412,Conductivity Standard - 1412 μmhos/cm,certified reference material
02483,酒精,standard for GC
1335541,4′-异丁基苯乙酮,United States Pharmacopeia (USP) Reference Standard
1587001,吡哆醇 盐酸盐,United States Pharmacopeia (USP) Reference Standard
1372061,溶血磷脂酰胆碱（大豆）,United States Pharmacopeia (USP) Reference Standard
1134118,Cisatracurium besylate,United States Pharmacopeia (USP) Reference Standard
1.07202,二级标准缓冲物质 pH 6.863,"potassium dihydrogen phosphate/di-sodium hydrogen phosphate, pH 6.86 (25 °C), Certipur"
PHR1748,乙酸,Pharmaceutical Secondary Standard; Certified Reference Material
1.12310,硅标准液,"traceable to SRM from NIST acidic, (NH₄)₂SiF₆ in H₂O 1000 mg/l Si Certipur"
48469,EPA 8270 有机磷农药混标,"certified reference material, 2000 μg/mL each component in hexane: acetone (80:20)"
1188800,双氯芬酸钠,United States Pharmacopeia (USP) Reference Standard
1269028,依泽替米贝,United States Pharmacopeia (USP) Reference Standard
CRM44895,ASTM,"certified reference material, 5000 μg/mL in pyridine, ampule of 1 × 2 mL"
49453-U,C4 - C24 偶数碳饱和 FAME,"1000 μg/mL each component in hexane, analytical standard"
1592704,喹硫平富马酸盐,"United States Pharmacopeia (USP) Reference Standard, monograph mol wt. 883.09 ((C"
NIST742,氧化铝,NIST
PHR1144,双氯芬酸 钠盐,Pharmaceutical Secondary Standard; Certified Reference Material
PHR1553,"N,N-Dimethylformamide",Pharmaceutical Secondary Standard; Certified Reference Material
PHR1017,去氧肾上腺素,Pharmaceutical Secondary Standard; Certified Reference Material
A-056,Multicomponent Alcohol Mix 1000,1000 μg/mL each component in H
PHR1071,柠檬酸,Pharmaceutical Secondary Standard; Certified Reference Material
47377,EPA 8270 酚类混标,"certified reference material, 2000 μg/mL each component in isopropanol"
1044210,"虾青素酯, 来源于雨生红球菌",United States Pharmacopeia (USP) Reference Standard
1.70204,锑标准液,traceable to SRM from NIST Sb₂O₃ in HCl 2 mol/l 1000 mg/l Sb Certipur
47080-U,细菌酸甲酯 (BAME) 混标,"solution (10 mg/mL total concentration in methyl caproate), analytical standard"
PHL89766,原儿茶酸,phyproof
1116774,叶绿素A,United States Pharmacopeia (USP) Reference Standard
1356676,无水乳糖,United States Pharmacopeia (USP) Reference Standard
52411,七氟丁酸,"suitable for ion chromatography, ≥99.5% (GC)"
CRM48775,EPA VOC Mix 1,"certified reference material, 2000 μg/mL each component in methanol, ampule of 1 mL"
1211006,二甲基亚砜,United States Pharmacopeia (USP) Reference Standard
1.08158,Potassium dichromate standard solutions in sulfuric acid (0.01N),test set for calibrating the absorbance of spectrophotometers
PHR1416,柠檬酸钠,Pharmaceutical Secondary Standard; Certified Reference Material
Y0002187,Rivaroxaban,"CRS, European Pharmacopoeia (EP) Reference Standard"
48146,"N,N′-1,6-己二基双(4-(2-吡啶基)-1-哌嗪甲酰胺) 溶液（1,6-HDIP 的衍生物）",certified reference material
CRM48593,Toluene-d,"certified reference material, "
16355,Nitric acid,"0.1 M  (0.1N), eluent concentrate for IC"
1078507,Bupivacaine hydrochloride,United States Pharmacopeia (USP) Reference Standard
PHR1040,萘普生,Pharmaceutical Secondary Standard; Certified Reference Material
PHR1295,环氧乙烷标准储备液,Pharmaceutical Secondary Standard; Certified Reference Material
1.70302,锑ICP标准品,traceable to SRM from NIST Sb₂O₃ in HCl 7% 1000 mg/l Sb Certipur
72064,氢氧化钠 溶液,"49-51% in water, eluent for IC"
1374361,硫酸镁,United States Pharmacopeia (USP) Reference Standard
73983,Mettler-Toledo 校准物质 ME 18555，苯甲酸,"analytical standard, (for the calibration of the melting point system), traceable to primary standards (LGC)"
V-082,消旋-β-生育酚 溶液,"1.0 mg/mL in methanol, certified reference material, ampule of 1 mL, Cerilliant"
1530503,L-苯基丙氨酸,United States Pharmacopeia (USP) Reference Standard
1.70325,铱ICP标准品,IrCl₃ in HCl 7% 1000 mg/l Ir Certipur
43149,铁ICP标准液,", 1 g/L Fe in nitric acid (nominal concentration)"
1.70368,钇ICP标准品,traceable to SRM from NIST Y(NO₃)₃ in HNO₃ 2-3% 1000 mg/l Y Certipur
1044538,Atorvastatin Related Compound B,United States Pharmacopeia (USP) Reference Standard
52750,正己烷,analytical standard
1.19513,Scandium standard solution,traceable to SRM from NIST Sc₂O₃ in HNO₃ 1 mol/l 1000 mg/l Sc Certipur
1.70365,硅ICP标准品,traceable to SRM from NIST SiO₂ in NaOH 2% 1000 mg/l Si Certipur
1446600,谷氨酸钠,United States Pharmacopeia (USP) Reference Standard
1271700,氟康唑,United States Pharmacopeia (USP) Reference Standard
59336,聚苯乙烯,size: 100 μm
1.09480,ICP多元素标准溶液XIII,(15 elements in diluted nitric acid) Certipur
59755,氨根标准液，用于离子色谱分析,", 1000 mg/L NH"
CRM48902,EPA 8270半挥发性内标混标,"certified reference material, "
1098388,微晶纤维素,United States Pharmacopeia (USP) Reference Standard
T-073,L-甲状腺素（T,100 μg/mL in methanol with 0.1N NH
ICS045,甲醛标准品,certified reference material
1.09887,缓冲浓缩液,"(phosphate), traceable to SRM of NIST and PTB for 500 ml buffer solution, pH 7.00 ± 0.02 (20°C) Titrisol"
1613509,Sodium ascorbate,United States Pharmacopeia (USP) Reference Standard
1.99019,缓冲溶液,(di-sodium tetraborate)tracable to SRM from NIST and PTB pH 9.18 (25°C) Certipur
47302,极性色谱柱测定混标,"certified reference material, 500 μg/mL each component in dichloromethane"
Z600350,Hellma,"High Performance Quartz Glass, spectral range 200-2,500 nm, pathlength 10 mm, chamber volume 100 μL"
1071304,胆汁盐,United States Pharmacopeia (USP) Reference Standard
00269,右旋糖酐,"analytical standard, for GPC, 5,000"
1.09494,ICP多元素标准溶液IX,"(9 elements in dilute nitric acid) 100 mg/l: As, Be, Cd, Cr(VI), Hg, Ni, Pb, Se, Tl Certipur"
47775,甲萘醌 (K3),analytical standard
1351005,异丙肾上腺素 盐酸盐,United States Pharmacopeia (USP) Reference Standard
CRM40448,柠檬烯溶液,"certified reference material, 2000 μg/mL in methanol, ampule of 1 mL"
1.70347,钌ICP标准品,RuCl₃ in HCl 7% 1000 mg/l Ru Certipur
PHR1006,山梨醇,Pharmaceutical Secondary Standard; Certified Reference Material
1270355,硫酸亚铁,United States Pharmacopeia (USP) Reference Standard
PHR1380,伊维菌素,Pharmaceutical Secondary Standard; Certified Reference Material
PHR1116,L-薄荷醇,Pharmaceutical Secondary Standard; Certified Reference Material
Y0002167,Rosuvastatin impurity mixture,"CRS, European Pharmacopoeia (EP) Reference Standard"
1442009,甲硝唑,United States Pharmacopeia (USP) Reference Standard
1622000,硬脂醇,United States Pharmacopeia (USP) Reference Standard
1.15474,ICP多元素标准液I,(19 elements in dilute nitric acid) Certipur
PHR1028,"1,4-对苯醌",Pharmaceutical Secondary Standard; Certified Reference Material
PHR1121,2-苯氧基乙醇,Pharmaceutical Secondary Standard; Certified Reference Material
M-077,1-单硝酸甘油酯 溶液,"1.0 mg/mL in acetonitrile, ampule of 1 mL, certified reference material, Cerilliant"
1.70345,铑ICP标准品,traceable to SRM from NIST Rh(NO₃)₃ in HNO₃ 2-3% 1000 mg/l Rh Certipur
UN10-1KT,不饱和脂肪酸，定性标准品套装,"(individualy packaged in quantities indicated), analytical standard"
1.01961,Potassium tetraoxalate dihydrate,certified secondary standard reference material for pH measurement; directly traceable to primary reference material from NIST/PTB pH (S) = 1.67₉ (25°C) Certipur
1664000,三乙烯硫代磷酰胺,United States Pharmacopeia (USP) Reference Standard
1.70363,钛ICP标准品,traceable to SRM from NIST (NH₄)₂TiF₆ in H₂O 1000 mg/l Ti Certipur
03128,二乙二醇,analytical standard
PHR1422,阿托伐他汀钙,Pharmaceutical Secondary Standard; Certified Reference Material
1.09943,Calcium standard,"1000 mg Ca, (CaCl₂ in 6.5% HCl) Titrisol"
1424550,甲钴胺,United States Pharmacopeia (USP) Reference Standard
A-057,Multicomponent Alcohol Mix 500,500 μg/mL each component in H
TURB1000,福尔马肼浊度标准液(1000 NTU),certified reference material
47641-U,反相试验混标 2,"certified reference material, in acetonitrile: water (varied conc.), solution"
47300-U,GC 非极性柱测试混标,"certified reference material, 500 μg/mL in dichloromethane"
5.00410,Refractive index standard,"traceable to NIST, traceable to PTB, [α]/D 10°, Brix CERTIPUR"
PHR1359,谷胱甘肽,Pharmaceutical Secondary Standard; Certified Reference Material
1105508,壳聚糖,United States Pharmacopeia (USP) Reference Standard
1546423,聚乙二醇 300,United States Pharmacopeia (USP) Reference Standard
CRM44647,黄曲霉素 B,"certified reference material, 20 μg/mL in methanol, ampule of 1 mL"
Z600075,Hellma,"Quartz Glass, spectral range 260-2,500 nm, pathlength 10 mm, chamber volume 1,400 μL"
1614159,透明质酸钠，用于红外鉴别,United States Pharmacopeia (USP) Reference Standard
1286708,富马酸,United States Pharmacopeia (USP) Reference Standard
1012595,人血白蛋白,United States Pharmacopeia (USP) Reference Standard
1494079,胰脂肪酶,United States Pharmacopeia (USP) Reference Standard
PHR1497,麦芽糖,Pharmaceutical Secondary Standard; Certified Reference Material
36128,氯氰菊酯,PESTANAL
RTC000068,Sodium azide solution,0.05% solution
18827,锌AAS标准液,", 1 g/L Zn in nitric acid (nominal concentration)"
1356348,Ketorolac Related Compound D,United States Pharmacopeia (USP) Reference Standard
1.19774,Barium standard solution,traceable to SRM from NIST Ba(NO₃)₂ in HNO₃ 0.5 mol/l 1000 mg/l Ba Certipur
PHR1321,氯化钠,Pharmaceutical Secondary Standard; Certified Reference Material
Z626902,Hellma,"Quartz Glass, spectral range 260-2,500 nm, pathlength 10 mm, chamber volume 3,500 μL"
36541,二氯百草枯,PESTANAL
96145,叶绿素a,analytical standard
48570,芘,analytical standard
PHR1533,胆固醇,Pharmaceutical Secondary Standard; Certified Reference Material
PHR1011,对羟基苯甲酸乙酯,Pharmaceutical Secondary Standard; Certified Reference Material
M-078,2-单硝酸甘油酯 溶液,"1.0 mg/mL in acetonitrile, ampule of 1 mL, certified reference material, Cerilliant"
L-023,左乙拉西坦-D ,"100 μg/mL in methanol, ampule of 1 mL, certified reference material, Cerilliant"
PHL89335,β-Pinene,phyproof
45330,阿特拉津,PESTANAL
PHR1278,山梨酸钾,Pharmaceutical Secondary Standard; Certified Reference Material
1.10982,Lanthanum(III) oxide,for atomic absorption spectroscopy
1.70342,钾ICP标准品,traceable to SRM from NIST KNO₃ in HNO₃ 2-3% 1000 mg/l K Certipur
1.09987,Copper standard,"1000 mg Cu, (CuCl₂ in H₂O) Titrisol"
40063,苯酚 溶液,"5000 μg/mL in methanol, certified reference material"
1012772,无水酒精,United States Pharmacopeia (USP) Reference Standard
1.01811,氯化钾 溶液,"nominal 0.015 mS/cm, Certified Reference Material for the measurement of electrolytic conductivity, traceable to PTB (c=0.0001 mol/l) Certipur"
1444208,米诺地尔,United States Pharmacopeia (USP) Reference Standard
1492007,棕榈酸,United States Pharmacopeia (USP) Reference Standard
1.07203,二级标准缓冲物质 pH 9.184,"di-sodium tetraborate decahydrate, directly traceable to primary SRM from NIST/PTB pH(S) = 9.18₀ (25°C) Certipur"
1667585,二氧化钛,United States Pharmacopeia (USP) Reference Standard
V-033,Tocopheryl acetate (Vitamin E acetate) solution,"1.0 mg/mL in methanol, ampule of 1 mL, certified reference material, Cerilliant"
PHR1481,乙酸乙酯,Pharmaceutical Secondary Standard; Certified Reference Material
1042500,L-精氨酸,United States Pharmacopeia (USP) Reference Standard
1134335,环丙沙星盐酸盐,United States Pharmacopeia (USP) Reference Standard
47266,糖醇试剂盒,"(individually packaged in quantities indicated), analytical standard"
1.09924,Potassium standard,"1000 mg K, (KCl in H₂O) Titrisol"
1.19801,Thallium standard solution,traceable to SRM from NIST TlNO₃ in HNO₃ 0.5 mol/l 1000 mg/l Tl Certipur
1.70313,钴ICP标准品,traceable to SRM from NIST Co(NO₃)₂ in HNO₃ 2-3% 1000 mg/l Co Certipur
1.70379,镁ICP标准品,traceable to SRM from NIST Mg(NO₃)₂ in HNO₃ 2-3% 10000 mg/l Mg Certipur
38213,诱惑红,analytical standard
1271733,Fluconazole Related Compound C,United States Pharmacopeia (USP) Reference Standard
79322,Extractables and Leachables PE/PP mix for LC,"certified reference material, "
P-164,Phosphatidylethanol 16:0/18:1-D,"100 μg/mL in methanol ((as free phosphate)), certified reference material, ampule of 1 mL, Cerilliant"
1.70245,钒标准液,traceable to SRM from NIST NH₄VO₃ in HNO₃ 0.5 mol/l 1000 mg/l V Certipur
1017502,干燥氢氧化铝凝胶,United States Pharmacopeia (USP) Reference Standard
PHL89175,绿原酸,phyproof
TSS1000,总悬浮固体1000 mg/L 校准标准品,certified reference material
1612550,Sevoflurane Related Compound A,United States Pharmacopeia (USP) Reference Standard
1.01962,Sodium hydrogen carbonate/sodium carbonate,certified reference material
CRM47570,"全顺-4,7,10,13,16,19-二十二碳六烯酸甲酯 CRM","certified reference material, 10 mg/mL in heptane, ampule of 1 mL"
1366080,"-(2,6-二甲基苯基)氯乙酰胺",United States Pharmacopeia (USP) Reference Standard
90872,丙酮,analytical standard
V-058,β-胡萝卜素 溶液,"100 μg/mL (THF:Ethanol with 0.1% BHT (70:30) (w/v)), certified reference material, ampule of 1 mL, Cerilliant"
1.70243,钛标准液,traceable to SRM from NIST (NH₄)₂TiF₆ in H₂O 1000 mg/l Ti Certipur
G-007,加巴喷丁标准液 CRM 溶液,"1.0 mg/mL in methanol, ampule of 1 mL, certified reference material, Cerilliant"
CRM47960,EPA 8270替代混标 CRM,"certified reference material, "
CRM40071,苯并[,"certified reference material, "
1152011,维生素 B ,United States Pharmacopeia (USP) Reference Standard
1078529,Bupivacaine Related Compound B,United States Pharmacopeia (USP) Reference Standard
1151866,Curcuminoids,United States Pharmacopeia (USP) Reference Standard
CRM46323,黄曲霉素 B,"certified reference material, 3 μg/mL in benzene:acetonitrile (98:2), ampule of 1 mL"
82762,甲醇,analytical standard
1179504,右旋泛醇,United States Pharmacopeia (USP) Reference Standard
67696,N-Nitrosodibenzylamine,analytical standard
1044200,虾青素（合成）,United States Pharmacopeia (USP) Reference Standard
5.00460,Refractive index standard,"traceable to NIST, traceable to PTB, [α]/D 60°, Brix CERTIPUR"
1.25027,Ammonium Standard Solution,traceable to SRM from NIST 50.0 mg/L NH₄-N in H₂O
90157,氰根标准液，用于离子色谱分析,", 1000 mg/L cyanide in water (nominal concentration)"
18916-1AMP,F.A.M.E.混标,"C18:0 - C20:0, certified reference material, pkg of 100 mg (Neat)"
1269163,Famciclovir System Suitability Mixture,United States Pharmacopeia (USP) Reference Standard
1.70309,镉ICP标准品,traceable to SRM from NIST Cd(NO₃)₂ in HNO₃ 2-3% 1000 mg/l Cd Certipur
28941,汞标准液，用于 ICP,", 1 g/L Hg in nitric acid (nominal concentration)"
ICS023,硫化物IC标准品,certified reference material
1546605,聚乙二醇 8000,United States Pharmacopeia (USP) Reference Standard
49454-U,C4 - C24 偶数碳饱和脂肪酸乙酯 (FAEES),"certified reference material, 1000 μg/mL each component in hexane"
PHR1219,丙酮,Pharmaceutical Secondary Standard; Certified Reference Material
1367561,利奈唑胺,United States Pharmacopeia (USP) Reference Standard
1395204,间甲酚,United States Pharmacopeia (USP) Reference Standard
1171706,去乙酰地尔硫卓 盐酸盐,United States Pharmacopeia (USP) Reference Standard
1612572,Sevoflurane Related Compound B,United States Pharmacopeia (USP) Reference Standard
P-096,Pregabalin-D,"1.0 mg/mL in methanol, ampule of 1 mL, certified reference material, Cerilliant"
1396310,双氰胺,United States Pharmacopeia (USP) Reference Standard
62118,(,analytical standard
1.09411,ICP Multi element standard solution XXIV,tuning solution 700 ES Certipur
1.09949,Magnesium standard,"1000 mg Mg, (MgCl₂ in 6% HCl) Titrisol"
46838-U,EPA 8260 Internal Standards Mix 1,"certified reference material, 2500 μg/mL in methanol"
V-010,(±)-α-生育酚-D,"500 μg/mL in methanol, ampule of 1 mL, certified reference material, Cerilliant"
BP617,阿司匹林,British Pharmacopoeia (BP) Reference Standard
N-075,(±)-N′-亚硝基降烟碱 (NNN) 溶液,"1.0 mg/mL in methanol, ampule of 1 mL, certified reference material, Cerilliant"
36773,2-甲基-4-氯戊氧基丙酸-P,PESTANAL
1287303,加巴喷丁,United States Pharmacopeia (USP) Reference Standard
1.70336,镍ICP标准品,traceable to SRM from NIST Ni(NO₃)₂ in HNO₃ 2-3% 1000 mg/l Ni Certipur
1.07204,二级标准缓冲物质 pH 1.681,"potassium tetraoxalate dihydrate, directly traceable to primary SRM from NIST/PTB pH(S) = 1.67₉ (25°C) Certipur"
85679,硬脂酸,analytical standard
1445547,USP mAb 002，单抗IgG1,United States Pharmacopeia (USP) Reference Standard
76170,Melting point standard 121-123°C,analytical standard
P-174,1CP-LSD (1-Cyclopropionyl lysergic acid diethylamide) solution,"1 mg/mL (Acetonitrile with 0.1% BHT), certified reference material, ampule of 1 mL, Cerilliant"
1009978,"-乙酰基-D,L-蛋氨酸",United States Pharmacopeia (USP) Reference Standard
1.70355,Sulfur ICP standard,traceable to SRM from NIST  H₂SO₄ in H₂O 1000 mg/l S Certipur
A-064,醋氨酚 溶液,"1.0 mg/mL in methanol, ampule of 1 mL, certified reference material, Cerilliant"
D-077,5α-二氢睾酮-D,"100 μg/mL in methanol, ampule of 1 mL, certified reference material, Cerilliant"
442687,N-亚硝基二乙胺,analytical standard
89459,Mercury Standard for ICP,", 10 mg/L Hg in nitric acid (nominal concentration)"
40084,甲苯 溶液,"certified reference material, 5000 μg/mL in methanol"
PHR1059,奥美拉唑,Pharmaceutical Secondary Standard; Certified Reference Material
1.07200,二级标准缓冲物质 pH 4.005,"potassium hydrogen phthalate, directly traceable to primary SRM from NIST/PTB pH (S) = 4.00"
1336500,咪唑,United States Pharmacopeia (USP) Reference Standard
1716002,视黄醇乙酸酯,"United States Pharmacopeia (USP) Reference Standard, solution of retinyl acetate (vitamin A) in peanut oil"
1372005,L-赖氨酸 盐酸盐,United States Pharmacopeia (USP) Reference Standard
1086436,氯化钙,United States Pharmacopeia (USP) Reference Standard
36772,丁苯吗啉,PESTANAL
1724747,氧化锌,United States Pharmacopeia (USP) Reference Standard
PHR1551,乙腈,Pharmaceutical Secondary Standard; Certified Reference Material
56169,碳酸钠溶液,0.1 M Na
D-081,多巴胺盐酸盐标准液 CRM 盐酸盐 溶液,"1.0 mg/mL in methanol with 5% 1 M HCl (as free base), ampule of 1 mL, certified reference material, Cerilliant"
1430101,甲基乙基酮,United States Pharmacopeia (USP) Reference Standard
79248,17种氨基酸混标 CRM,"certified reference material, "
1151855,姜黄素,United States Pharmacopeia (USP) Reference Standard
D-065,脱氢表雄酮3-硫酸钠（DHEAS）标准液 钠盐 溶液,"1.0 mg/mL in methanol (as free sulfate), ampule of 1 mL, certified reference material, Cerilliant"
47745-U,苯乙烯,analytical standard
40027,"1,1-二氯乙烯 溶液","certified reference material, 1000 μg/mL in methanol"
1.19809,钇标准液,traceable to SRM from NIST Y(NO₃)₃ in HNO₃ 0.5 mol/l 1000 mg/l Y Certipur
CRM48460,农药替代加标混标,"certified reference material, "
1288463,吉西他滨,United States Pharmacopeia (USP) Reference Standard
1.11437,阴离子多元素标准品I,"1000 mg/l: F⁻, PO₄³⁻, Br⁻ in H₂O Certipur"
1.00718,BOD Standard,"EN 5815-1 (analogous), 198 ± 40 mg/L BOD"
CRM48620,甲苯 溶液,"certified reference material, "
75090,油酸,analytical standard
LAA21,L-氨基酸,analytical standard
60357,邻苯二甲酸氢钾,"reference material for titrimetry, certified by BAM, >99.5%"
1535788,(大豆)磷脂酰肌醇钠,United States Pharmacopeia (USP) Reference Standard
PHR1978,布洛芬相关化合物J,Pharmaceutical Secondary Standard; Certified Reference Material
1652704,L -茶氨酸,United States Pharmacopeia (USP) Reference Standard
1.25041,Nitrite Standard Solution,traceable to SRM from NIST 0.200 mg/L NO₂-N in H₂O
48568,芴,analytical standard
1356315,Ketorolac Related Compound A,United States Pharmacopeia (USP) Reference Standard
47124,5α-胆甾烷溶液,"certified reference material, 10 mg/mL in chloroform"
1123000,马来酸氯苯那敏,United States Pharmacopeia (USP) Reference Standard
PHR1406,尿素,Pharmaceutical Secondary Standard; Certified Reference Material
46856-U,EPA 531.1 氨基甲酸酯混标,"100 μg/mL each component in methanol, analytical standard"
36676,硫丹硫酸酯,PESTANAL
48083,1-溴-4-氟苯 溶液,"certified reference material, 2000 μg/mL in methanol"
PHL89179,"1,3-二咖啡酰奎宁酸",phyproof
38996,AAS 铜标准品,", 1 g/L Cu in nitric acid (nominal concentration)"
1.70350,硒ICP标准品,traceable to SRM from NIST SeO₂ in HNO₃ 2-3% 1000 mg/l Se Certipur
90243,ICP多元素混标1,", in 10% nitric acid"
1.70349,钪ICP标准品,traceable to SRM from NIST Sc₂O₃ in HNO₃ 7% 1000 mg/l Sc Certipur
48489,EPA 8270 亚硝胺混标,"certified reference material, 2000 μg/mL each component in methanol"
1.01810,电导水（标称0 mS/cm）,"Test solution for measurement of electrolytic conductivity, traceable to PTB Certipur"
L-046,β-乳球蛋白 来源于牛奶,"certified reference material, ampule of 100 mg, Cerilliant"
58278,反相试验混标 1,"certified reference material, in methanol: water (3:2) (varied conc.)"
PHR1488,槲皮素,Pharmaceutical Secondary Standard; Certified Reference Material
,,
,,
,,
,,
,,
,,
,,
,,
,,
,,
,,
,,
,,
,,
,,
,,
,,
,,
,,
,,
,,
,,
,,
,,
,,
,,
,,
,,
,,
,,
,,
,,
,,
,,
,,
,,
,,
,,
,,
,,
,,
,,
,,
,,
,,
,,
,,
,,
,,
,,
,,
,,
,,
,,
,,
,,
,,
,,
,,
,,
,,
,,
,,
,,
,,
,,
,,
,,
,,
,,
,,
,,
,,
,,
,,
,,
,,
,,
,,
,,
,,
,,
,,
,,
,,
,,
,,
,,
,,
,,
,,
,,
,,
,,
,,
,,
,,
,,
,,
,,
,,
,,
,,
,,
,,
,,
,,
,,
,,
,,
,,
,,
,,
,,
,,
,,
,,
,,
,,
,,
,,
,,
,,
,,
,,
,,
,,
,,
,,
,,
,,
,,
,,
,,
,,
,,
,,
,,
,,
,,
,,
,,
,,
,,
,,
,,
,,
,,
,,
,,
,,
,,
,,
,,
,,
,,
,,
,,
,,
,,
,,
,,
,,
,,
,,
,,
,,
,,
,,
,,
,,
,,
,,
,,
,,
,,
,,
,,
,,
,,
D-017,苯海拉明-D,"100 μg/mL in methanol, ampule of 1 mL, certified reference material, Cerilliant"
00268,右旋糖酐,"analytical standard, for GPC, 1,000"
94275,Perfluoro-2-propoxypropanoic acid,"certified reference material, "
1.25031,COD Standard Solution,"traceable to NIST, 400 mg/L in H"
442505,莰烯,analytical standard
CRM96852,":2,6-二","certified reference material, "
1612007,Sennosides,United States Pharmacopeia (USP) Reference Standard
48732,多氯联苯 1242溶液 溶液,"certified reference material, 50 mg/kg in transformer oil"
1339000,靛蓝胭脂红,United States Pharmacopeia (USP) Reference Standard
502332,苯并[j]荧蒽 溶液,"certified reference material, 2000 μg/mL in dichloromethane"
V-016,烟酰胺 (维生素B3)标准液 CRM 溶液,"1.0 mg/mL in methanol, ampule of 1 mL, certified reference material, Cerilliant"
1.01964,十水合四硼酸二钠,certified secondary standard reference material for pH measurement; directly traceable to primary SRM from NIST/PTB pH(S)=9.18₀ (25°C) Certipur
1150659,Croscarmellose sodium,United States Pharmacopeia (USP) Reference Standard
02487,氯仿,analytical standard
31697,嘧菌酯,PESTANAL
1370462,氯沙坦钾,United States Pharmacopeia (USP) Reference Standard
CRM48958,EPA 8260A 内标混标,"certified reference material, "
1448559,莫昔克丁,United States Pharmacopeia (USP) Reference Standard
T2500100,三肉豆蔻酸甘油酯,European Pharmacopoeia (EP) Reference Standard
47033,PUFA No.1（海洋来源）,"Marine source, analytical standard"
42992,镁AAS标准液,", 1 g/L Mg in nitric acid (nominal concentration)"
S7507,磺胺甲噁唑,
92091,33种周期表ICP混标1,", 33 elements, 10 mg/L in nitric acid"
N-047,Naltrexone-D,"100 μg/mL in methanol, ampule of 1 mL, certified reference material, Cerilliant"
PHR1073,阿伏苯宗 CRM,Pharmaceutical Secondary Standard; Certified Reference Material
M-182,帽柱木碱-D,"100 μg/mL in methanol, ampule of 1 mL, certified reference material, Cerilliant"
H-089,"1α,25-二羟基维生素D","5 μg/mL in ethanol, ampule of 1 mL, certified reference material, Cerilliant"
48563,苯并 [,analytical standard
609010,注射器配接器,analytical standard
E-075,雌酚酮 溶液,"1.0 mg/mL in methanol, ampule of 1 mL, certified reference material, Cerilliant"
1.09495,ICP multi-element standard solution XVII,"(7 elements in hydrochloric acid 15%) 100 mg/l: Hf, Ir, Sb, Sn, Ta, Ti, Zr Certipur"
74564,三氟乙酸,analytical standard
1717504,Vitamin D Assay System Suitability,United States Pharmacopeia (USP) Reference Standard
1601146,苯 溶液,United States Pharmacopeia (USP) Reference Standard
PHR1215,乳酸,Pharmaceutical Secondary Standard; Certified Reference Material
ME14-1KT,不饱和脂肪酸甲酯试剂盒,"(individually packaged in quantities indicated), analytical standard"
BOD200,BOD 200 mg/L Calibration Standard,certified reference material
PHL89192,(−)-表儿茶素,phyproof
1029501,苯磺酸氨氯地平(钙拮抗药),United States Pharmacopeia (USP) Reference Standard
34037,赭曲霉素 A 溶液,"10 μg/mL in acetonitrile, analytical standard"
48525,"3,3′-二氯联苯胺",analytical standard
PHR1323,L-胱氨酸,Pharmaceutical Secondary Standard; Certified Reference Material
1.01748,硫酸钡,for white standard DIN 5033
19051,钙ICP标准液,", 1 g/L Ca in nitric acid (nominal concentration)"
I3377,异烟肼,"analytical standard, ≥99% (TLC)"
30083,镁ICP标准液,", 1 g/L Mg in nitric acid (nominal concentration)"
1134305,Citicoline Sodium,United States Pharmacopeia (USP) Reference Standard
TKN1000,总凯氏定氮 (TKN) 1000 mg/L 校准标准品,certified reference material
1.70307,硼ICP标准品,"traceable to SRM from NIST, H₃BO₃ in H₂O 1000 mg/l B Certipur"
PHL89288,缬草烯酸,phyproof
69349,钙AAS标准液,", 1 g/L Ca in nitric acid (nominal concentration)"
DENWAT,"纯水密度标准物质RM, 0.9982 g/mL(20 °C)","UKAS ISO/IEC17025 and ISO Guide 34 certified, density: 0.9982 g/mL at 20 °C, density: 0.9970 g/mL at 25 °C"
85978,乙二醇,analytical standard
1.70339,钯ICP标准液,traceable to SRM from NIST Pd(NO₃)₂ in HNO₃ 2-3% 1000 mg/l Pd Certipur
PHR1126,磺胺甲噁唑,Pharmaceutical Secondary Standard; Certified Reference Material
1612561,西地那非柠檬酸盐,United States Pharmacopeia (USP) Reference Standard
69385,蛋白标准品混标15 - 600 kDa,for size exclusion chromatography
1576945,(±)-环氧丙烷,United States Pharmacopeia (USP) Reference Standard
34466,双十烷基二甲基氯化铵,analytical standard
95636,用于LC的可萃取物和可浸出物筛选标准品,"certified reference material, "
442719,壬醛,analytical standard
CRM48665,苯并[,"certified reference material, "
48734,多氯联苯 1254溶液 溶液,"certified reference material, 50 mg/kg in transformer oil"
1343540,Iodixanol Related Compound C,United States Pharmacopeia (USP) Reference Standard
1719532,Withanoside IV,United States Pharmacopeia (USP) Reference Standard
Y0002259,-亚硝基二甲胺(NDMA) 溶液,European Pharmacopoeia (EP) Reference Standard
PHR1699,叶黄素,Pharmaceutical Secondary Standard; Certified Reference Material
1895-1AMP,F.A.M.E.混合GLC-40,"certified reference material, ampule of 100 mg (Neat)"
06949,电导率标准品,conductivity 1000 μS/cm at 25 °C
48133,MISA 第 17 组非卤代烃类混标,"certified reference material, 2000 μg/mL each component in methanol"
P-070,孕酮-D,"100 μg/mL in acetonitrile, ampule of 1 mL, certified reference material, Cerilliant"
1175800,Deutero ,United States Pharmacopeia (USP) Reference Standard
1154569,β-环糊精,United States Pharmacopeia (USP) Reference Standard
PHR1687,环己烷,Pharmaceutical Secondary Standard; Certified Reference Material
1623411,琥珀酸,United States Pharmacopeia (USP) Reference Standard
PHR1786,硫酸软骨素钠 CRM,Pharmaceutical Secondary Standard; Certified Reference Material
97607,食用亮蓝 二钠盐,"certified reference material, "
ETWA70,Certified Alcohol Reference Standard,"70% ABV (Alcohol by Volume), Ethanol Water Standard"
1054000,苯佐卡因,United States Pharmacopeia (USP) Reference Standard
Z600393,Hellma,"High Performance Quartz Glass, spectral range 200-2,500 nm, pathlength 10 mm, chamber volume 50 μL"
1271722,Fluconazole Related Compound B,United States Pharmacopeia (USP) Reference Standard
1550001,葡萄糖酸钾,United States Pharmacopeia (USP) Reference Standard
48710-U,菲-d,"certified reference material, 2000 μg/mL in dichloromethane"
1642358,Sunitinib malate,United States Pharmacopeia (USP) Reference Standard
38338,磷ICP标准液,", 1 g/L P in H"
61946,基于聚苯乙烯的深红色微粒,size: 10 μm
PHR1047,苯酚,Pharmaceutical Secondary Standard; Certified Reference Material
Y0001995,设备鉴定用烟酸,European Pharmacopoeia (EP) Reference Standard
33428,"4,4′-MDI",analytical standard
75160,油酸甲酯,analytical standard
1.99021,Buffer Solution,"(boric acid, sodium hydroxide, potassium chloride) tracable to SRM from NIST and PTB pH 11.00 (25°C) Certipur"
1050905,苯甲醛,United States Pharmacopeia (USP) Reference Standard
94425,丙酸,analytical standard
PHR1070,无水乙醇,Pharmaceutical Secondary Standard; Certified Reference Material
1674004,维甲酸,United States Pharmacopeia (USP) Reference Standard
1134426,克拉维酸锂,United States Pharmacopeia (USP) Reference Standard
36486,碳酸氢钠溶液,0.1 M NaHCO
47304,程控测定混标,"certified reference material, in dichloromethane (varied conc.)"
1.16770,总离子浓度缓冲液III （TISAB-III）,"Total ionic strength ajustment buffer, for fluoride determination"
03079,乙苯,analytical standard
442388,3-甲基胆蒽,analytical standard
83952,色度标准溶液,"related to Ph.Eur Color intensity testing, analytical standard, Set of colors B, BY, Y, GY, R"
1546489,聚乙二醇1000,United States Pharmacopeia (USP) Reference Standard
PHR1027,愈创甘油醚,"certified reference material, pharmaceutical secondary standard"
1096281,Carbomer homopolymer,United States Pharmacopeia (USP) Reference Standard
1311408,"水杨酸 3,3,5-三甲基环己基酯",United States Pharmacopeia (USP) Reference Standard
TURB1,福尔马肼浊度标准液(1 NTU),certified reference material
1546580,聚乙二醇6000,United States Pharmacopeia (USP) Reference Standard
C-053,卡马西平标准液 溶液,"1.0 mg/mL in methanol, ampule of 1 mL, certified reference material, Cerilliant"
1165204,Decitabine,United States Pharmacopeia (USP) Reference Standard
1083100,3-,United States Pharmacopeia (USP) Reference Standard
1692913,Triolein,United States Pharmacopeia (USP) Reference Standard
53337,钾离子标准液，用于离子色谱分析,", 1000 mg/L K"
PHL80431,二氢杨梅素,phyproof
PHR1056,甲氧苄啶,Pharmaceutical Secondary Standard; Certified Reference Material
1.10714,ICP多元素标准品V,for wavelength calibration Certipur
PHR1360,碘化钾,Pharmaceutical Secondary Standard; Certified Reference Material
PHR1344,海藻糖,Pharmaceutical Secondary Standard; Certified Reference Material
1091040,羊脂酸,United States Pharmacopeia (USP) Reference Standard
75930,七氟丁酸,"certified reference material, "
1554670,Praziquantel Related Compound C,United States Pharmacopeia (USP) Reference Standard
PHR1697,左氧氟沙星,Pharmaceutical Secondary Standard; Certified Reference Material
1686386,三甘氨酸,United States Pharmacopeia (USP) Reference Standard
PHR2891,聚（乙二醇）,"certified reference material, pharmaceutical secondary standard"
73664,Mettler-Toledo 校准物质 ME 18870，二苯甲酮,traceable to primary standards (LGC)
1272918,"4,7,13,16,21,24-六氧-1,10-二氮双环[8.8.8]二十六烷",United States Pharmacopeia (USP) Reference Standard
36379,ICP 镉标准品,", 1 g/L Cd in nitric acid (nominal concentration)"
PHL89724,木犀草素 7-,phyproof
40021,氯仿 溶液,"certified reference material, 5000 μg/mL in methanol"
1479202,Gamma-Oryzanol,United States Pharmacopeia (USP) Reference Standard
CRM47904,EPA 501/601三卤甲烷校准混标 CRM,"certified reference material, "
1576683,Propylene Glycol Dicaprylate/Dicaprate,United States Pharmacopeia (USP) Reference Standard
PHR3838,亚甲蓝 水合物,"certified reference material, pharmaceutical secondary standard"
PHR1418,琥珀酸,Pharmaceutical Secondary Standard; Certified Reference Material
1380502,美金胺 盐酸盐,United States Pharmacopeia (USP) Reference Standard
90048,"Bis(2,4-di-","certified reference material, "
1643361,牛磺酸,United States Pharmacopeia (USP) Reference Standard
1133933,肉桂酸,United States Pharmacopeia (USP) Reference Standard
F-919,Fluoxetine-D,"100 μg/mL in methanol (as free base), ampule of 1 mL, certified reference material, Cerilliant"
1568506,L-脯氨酸,United States Pharmacopeia (USP) Reference Standard
1478618,Ondansetron Related Compound C,United States Pharmacopeia (USP) Reference Standard
30329,钴ICP标准液,", 1 g/L Co in nitric acid (nominal concentration)"
1179708,右旋糖酐40,Dextran 40 United States Pharmacopeia (USP) Reference Standard
PHR1315,缬沙坦,Pharmaceutical Secondary Standard; Certified Reference Material
PHR1558,吡啶,Pharmaceutical Secondary Standard; Certified Reference Material
1086403,碳酸钙,United States Pharmacopeia (USP) Reference Standard
Y0002050,β-胡萝卜素,European Pharmacopoeia (EP) Reference Standard
19399,硝酸/吡啶羧酸溶液,HNO
47899,EPA 8040A 苯酚类校准混标,"500 μg/mL each component in isopropanol, analytical standard"
PHR1304,丁基羟基茴香醚,Pharmaceutical Secondary Standard; Certified Reference Material
PHL89723,叶黄素,phyproof
45993,苯乙烯,analytical standard
1091505,辛酰己酰聚氧甘油酯,United States Pharmacopeia (USP) Reference Standard
48800,1-溴-4-氟苯 溶液,"certified reference material, 25,000 μg/mL in methanol"
PHR1025,乳糖(无水),Pharmaceutical Secondary Standard; Certified Reference Material
41271,碘离子标准液，用于离子色谱分析,", 1000 mg/L iodide in water (nominal concentration)"
52003,六亚甲基二胺,analytical standard
95581,聚苯乙烯,size: 0.2 μm
1551503,聚维酮,United States Pharmacopeia (USP) Reference Standard
1612947,β-谷甾醇,United States Pharmacopeia (USP) Reference Standard
BP1266,Pregabalin impurity standard,British Pharmacopoeia (BP) Reference Standard
E-021,EDDP-D,"100 μg/mL in methanol (as pyrrolinium), ampule of 1 mL, certified reference material, Cerilliant"
E-061,17β-雌二醇-D,"100 μg/mL in acetonitrile, ampule of 1 mL, certified reference material, Cerilliant"
57270,Glass Magnet,"diam. × thickness 4 in. ×  3/16 in., pkg of 2 ea"
1592792,Quetiapine Related Compound H,United States Pharmacopeia (USP) Reference Standard
40053,萘 溶液,"certified reference material, 5000 μg/mL in methanol"
Z600598,Hellma,"High Performance Quartz Glass, spectral range 200-2,500 nm, pathlength 10 mm, chamber volume 300 μL"
PHR3275,正己醇,"certified reference material, pharmaceutical secondary standard"
1667202,L-苏氨酸,United States Pharmacopeia (USP) Reference Standard
1330005,羟丙甲纤维素,United States Pharmacopeia (USP) Reference Standard
I-032,Ibuprofen-D,"100 μg/mL in methanol, certified reference material, ampule of 1 mL, Cerilliant"
506559,EPA 625 半挥发性有机物校准混标,"1000 μg/mL each component in methylene chloride: benzene (3:1), analytical standard"
1.70373,钙ICP标准品,traceable to SRM from NIST Ca(NO₃)₂ in HNO₃ 2-3% 10000 mg/l Ca Certipur
PHR1061,丙戊酸,Pharmaceutical Secondary Standard; Certified Reference Material
E-041,乙醇-150,150 mg/dL in H
1643420,替米沙坦相关化合物A,United States Pharmacopeia (USP) Reference Standard
91215,没食子酸,"certified reference material, "
E-077,(±)-肾上腺素-D,"100 μg/mL in methanol with 5% 1 M HCl, ampule of 1 mL, certified reference material, Cerilliant"
51791,醋酸标准液，用于离子色谱分析,", 1000 mg/L acetate in water (nominal concentration)"
91237,2-丙醇,analytical standard
E-073,17β-雌二醇-,"ampule of 1 mL, Cerilliant"
07168,叶黄素,analytical standard
45553,代森锰锌,PESTANAL
1708773,Valsartan Related Compound A,United States Pharmacopeia (USP) Reference Standard
1478593,Ondansetron Related Compound A,United States Pharmacopeia (USP) Reference Standard
1340960,肌醇,United States Pharmacopeia (USP) Reference Standard
1133547,氯化胆碱,United States Pharmacopeia (USP) Reference Standard
43492,钠离子标准液，用于离子色谱分析,", 1000 mg/L Na"
CRM48736,Aroclor 1260,"certified reference material, 50 mg/kg in transformer oil, pkg of 1 × 5 mL"
1681000,Trichlormethiazide,United States Pharmacopeia (USP) Reference Standard
1356665,酮咯酸 三羟甲基氨基甲烷盐,United States Pharmacopeia (USP) Reference Standard
1659000,硫柳汞钠,United States Pharmacopeia (USP) Reference Standard
47504,EPA 8020/8240 挥发性芳烃混标,"certified reference material, 100 μg/mL each component in methanol"
PHL89800,斯替维苷[甜味剂],phyproof
48613,"1,2–二氯乙烷 溶液","certified reference material, 200 μg/mL in methanol"
1359903,左卡尼汀,United States Pharmacopeia (USP) Reference Standard
PHL80425,"4,5-Di-O-咖啡酰奎尼酸",phyproof
1349003,异氟醚,United States Pharmacopeia (USP) Reference Standard
PHR1769,Isomalt,Pharmaceutical Secondary Standard; Certified Reference Material
1283200,甲酸,United States Pharmacopeia (USP) Reference Standard
1171455,硫酸皮肤素,United States Pharmacopeia (USP) Reference Standard
1295709,Glyceryl dibehenate,United States Pharmacopeia (USP) Reference Standard
1357001,L-亮氨酸,United States Pharmacopeia (USP) Reference Standard
1193356,异硬脂醇,United States Pharmacopeia (USP) Reference Standard
1045520,阿扎胞苷,United States Pharmacopeia (USP) Reference Standard
46119,吡蚜酮,PESTANAL
1601292,Residual Solvents Class 2 - Mixture B,United States Pharmacopeia (USP) Reference Standard
A0200000,乙酰水杨酸,European Pharmacopoeia (EP) Reference Standard
PHR1656,盐酸西替利嗪,Pharmaceutical Secondary Standard; Certified Reference Material
47528-U,2-异丁基-3-甲氧基吡嗪 溶液,certified reference material
V-034,烟酰胺-,"100 μg/mL in methanol, ampule of 1 mL, certified reference material, Cerilliant"
Y0002204,维生素 B ,CRS European Pharmacopoeia (EP) Reference Standard
1.08961,Refractive index standard kit 2,"traceable to NIST SRM, traceable to PTB, "
1.09883,Buffer concentrate,"(citrate/hydrochloric acid), traceable to SRM of NIST and PTB for 500 ml buffer solution, pH 3.00 ± 0.02 (20°C) Titrisol"
PHR1273,苹果酸,Pharmaceutical Secondary Standard; Certified Reference Material
A-084,"雄甾烯-2,3,4-","100 μg/mL in acetonitrile, ampule of 1 mL, certified reference material, Cerilliant"
1548065,聚乙烯醇,United States Pharmacopeia (USP) Reference Standard
A5040,3-氨基苯甲酸乙酯 甲磺酸盐,analytical standard
Y0002382,Propylene glycol monocaprylate,"CRS, European Pharmacopoeia (EP) Reference Standard"
MBAS1000,Surfactant (MBAS) 1000 mg/L Calibration Standard,certified reference material
1614716,丁二酸二钠,United States Pharmacopeia (USP) Reference Standard
38273,丙硫菌唑,"certified reference material, "
PHR1367,山梨酸,Pharmaceutical Secondary Standard; Certified Reference Material
14681,玉米黄质,analytical standard
CRM40921,alpha-Humulene 溶液,"certified reference material, 2000 μg/mL in methanol, ampule of 1 mL"
C-109,儿茶酚胺混合物1（肾上腺素） 溶液,"1.0 mg/mL each component in methanol (as free base), ampule of 1 mL, certified reference material, Cerilliant"
1356698,Lactase,United States Pharmacopeia (USP) Reference Standard
D-105,11-脱氧皮质酮 溶液,"100 μg/mL in methanol, ampule of 1 mL, certified reference material, Cerilliant"
1477900,对甲氧基肉桂酸乙基己酯,United States Pharmacopeia (USP) Reference Standard
BOD1000,BOD 1000 mg/L Calibration Standard,certified reference material
442334,2-溴乙醇,analytical standard
PHR1228,D-泛醇,Pharmaceutical Secondary Standard; Certified Reference Material
44113,环己醇,analytical standard
Y0002162,4-(氨甲基)苯甲酸,"CRS, European Pharmacopoeia (EP) Reference Standard"
PHR1799,美洛昔康,Pharmaceutical Secondary Standard; Certified Reference Material
PHR2071,苯海拉明杂质D,Pharmaceutical Secondary Standard; Certified Reference Material
PHL89738,Naringenin,phyproof
1270311,阿魏酸,United States Pharmacopeia (USP) Reference Standard
05201,钠AAS标准液,", 1 g/L Na in nitric acid (nominal concentration)"
1087508,樟脑,United States Pharmacopeia (USP) Reference Standard
47799,二溴甲烷,analytical standard
48940-U,苯-d,"certified reference material, 2000 μg/mL in methanol"
1372050,溶血卵磷脂,United States Pharmacopeia (USP) Reference Standard
1361009,左多巴,United States Pharmacopeia (USP) Reference Standard
PHR1477,硫酸铜,Pharmaceutical Secondary Standard; Certified Reference Material
39865,钙离子标准液，用于离子色谱分析,", 1000 mg/L Ca"
1.07290,Phosphate modifier,for graphite furnace AAS NH₄H₂PO₄ 100 ± 2 g/l in H₂O
PHR1034,利多卡因,Pharmaceutical Secondary Standard; Certified Reference Material
1.25047,Phosphorus (total) Standard Solution,traceable to SRM from NIST 4.00 mg/L PO₄-P (total) in H₂O
PHR1248,麦芽糖醇,Pharmaceutical Secondary Standard; Certified Reference Material
45423,溴氰菊酯,PESTANAL
D-061,11-脱氧皮质激素标准液 溶液,"1.0 mg/mL in methanol, ampule of 1 mL, certified reference material, Cerilliant"
1044800,苯磺酸阿曲库铵,United States Pharmacopeia (USP) Reference Standard
1.01554,氯化钾 溶液,"nominal 12.8 mS/cm, Certified Reference Material for the measurement of electrolytic conductivity, traceable to PTB (c=0.1 mol/l) Certipur"
BP1170,酮康唑杂质标准品,British Pharmacopoeia (BP) Reference Standard
96665,钾AAS标准液,", 1 g/L K in nitric acid (nominal concentration)"
85769,硬脂酸甲酯,analytical standard
PHR1222,醋酸氯己定,Pharmaceutical Secondary Standard; Certified Reference Material
PHR1310,苯,Pharmaceutical Secondary Standard; Certified Reference Material
ASTM30,ASTM颜色参考标准品,"ASTM D 6045, D1500 (ASTM colour 3)"
P-104,孕烯醇酮标准液 溶液,"100 μg/mL in acetonitrile, certified reference material, Cerilliant"
PHR1408,氟化钠,Pharmaceutical Secondary Standard; Certified Reference Material
PHR1185,苯磺酸氨氯地平,Pharmaceutical Secondary Standard; Certified Reference Material
V-006,丙戊酸标准液 溶液,"1.0 mg/mL in methanol, ampule of 1 mL, certified reference material, Cerilliant"
C8857,ProteoMass ,"vial of 10 nmol, (M+H"
S-010,Sildenafil solution,"1.0 mg/mL in methanol, ampule of 1 mL, certified reference material, Cerilliant"
442282,"2,3,4,6-四氯酚",analytical standard
NIST660C,六硼化镧,NIST
Z600059,Hellma,"Special Optical Glass, spectral range 320-2,500 nm, pathlength 10 mm, chamber volume 3,500 μL"
1.99091,即用型标准缓冲液,"traceable to NIST SRM, traceable to PTB, pH 9.2 (25 °C in H"
1234307,"-5,8,11,14,17-二十碳五烯酸乙酯",United States Pharmacopeia (USP) Reference Standard
PHR1376,氯雷他定,Pharmaceutical Secondary Standard; Certified Reference Material
442669,癸烷,analytical standard
T-041,托吡酯-D,"100 μg/mL in methanol, ampule of 1 mL, certified reference material, Cerilliant"
1134007,糜蛋白酶,United States Pharmacopeia (USP) Reference Standard
V-055,(-)-Riboflavin-,"100 μg/mL (1% ammonium acetate in 50:50 methanol:water), certified reference material, ampule of 1 mL, Cerilliant"
84679,萘,analytical standard
1643340,酒石酸,United States Pharmacopeia (USP) Reference Standard
M3761,甲硝唑,analytical standard
1724827,唑来磷酸一水化合物,United States Pharmacopeia (USP) Reference Standard
,,
,,
,,
,,
,,
,,
,,
,,
,,
,,
,,
,,
,,
,,
,,
,,
,,
,,
,,
,,
,,
,,
,,
,,
,,
,,
,,
,,
,,
,,
,,
,,
,,
,,
,,
,,
,,
,,
,,
,,
,,
,,
,,
,,
,,
,,
,,
,,
,,
,,
,,
,,
,,
,,
,,
,,
,,
,,
,,
,,
,,
,,
,,
,,
,,
,,
,,
,,
,,
,,
,,
,,
,,
,,
,,
,,
,,
,,
,,
,,
,,
,,
,,
,,
,,
,,
,,
,,
,,
,,
,,
,,
,,
,,
,,
,,
,,
,,
,,
,,
,,
,,
,,
,,
,,
,,
,,
,,
,,
,,
,,
,,
,,
,,
,,
,,
,,
,,
,,
,,
,,
,,
,,
,,
,,
,,
,,
,,
,,
,,
,,
,,
,,
,,
,,
,,
,,
,,
,,
,,
,,
,,
,,
,,
,,
,,
,,
,,
,,
,,
,,
,,
,,
,,
,,
,,
,,
,,
,,
,,
,,
,,
,,
,,
,,
,,
,,
,,
,,
,,
,,
,,
,,
,,
,,
,,
,,
,,
,,
,,
,,
,,
,,
,,
,,
,,
,,
,,
,,
,,
,,
,,
,,
,,
,,
,,
,,
,,
,,
,,
,,
,,
,,
,,
,,
,,
,,
,,
,,
,,
,,
,,
,,
,,
,,
,,
,,
,,
,,
,,
,,
,,
,,
,,
,,
,,
,,
,,
,,
,,
,,
,,
,,
,,
,,
,,
,,
,,
,,
,,
,,
,,
,,
,,
,,
,,
,,
,,
,,
,,
,,
,,
,,
,,
,,
,,
,,
,,
,,
,,
